day,flag,ID,sail_date,booking_date,Age,state,gender,returning_cust,ticket_type,RRP,discount,purchased_price,capacity
-365,1,Ship2,30/12/2023,30/12/2022,18,VIC,M,No,Interior_Mid,500,0.32,340,1100
-365,1,Ship2,30/12/2023,30/12/2022,18,TAS,M,No,Interior_Mid,500,0.34,330,1100
-365,1,Ship2,30/12/2023,30/12/2022,55,QLD,F,No,Interior_Mid,500,0.07,465,1100
-357,1,Ship2,30/12/2023,7/1/2023,80,TAS,F,No,Interior_Mid,500,0.18,410,1100
-349,1,Ship2,30/12/2023,15/1/2023,52,NSW,F,Yes,Interior_Mid,500,0.08,460,1100
-343,1,Ship2,30/12/2023,21/1/2023,33,SA,F,No,Interior_Mid,500,0.28,360,1100
-338,1,Ship2,30/12/2023,26/1/2023,44,NT,F,No,Interior_Mid,500,0,500,1100
-334,1,Ship2,30/12/2023,30/1/2023,18,QLD,F,Yes,Interior_Mid,500,0.15,425,1100
-330,1,Ship2,30/12/2023,3/2/2023,75,TAS,M,No,Interior_Mid,500,0.16,420,1100
-326,1,Ship2,30/12/2023,7/2/2023,80,ACT,F,No,Interior_Mid,500,0.24,380,1100
-323,1,Ship2,30/12/2023,10/2/2023,38,SA,M,No,Interior_Mid,500,0.04,480,1100
-320,1,Ship2,30/12/2023,13/2/2023,73,QLD,M,No,Interior_Mid,500,0.11,445,1100
-318,1,Ship2,30/12/2023,15/2/2023,47,ACT,M,Yes,Interior_Mid,500,0.13,435,1100
-316,1,Ship2,30/12/2023,17/2/2023,18,ACT,F,No,Interior_Mid,500,0.2,400,1100
-313,1,Ship2,30/12/2023,20/2/2023,80,ACT,M,No,Interior_Mid,500,0.14,430,1100
-311,1,Ship2,30/12/2023,22/2/2023,18,NSW,F,Yes,Interior_Mid,500,0.32,340,1100
-309,1,Ship2,30/12/2023,24/2/2023,76,SA,M,No,Interior_Mid,500,0.19,405,1100
-308,1,Ship2,30/12/2023,25/2/2023,18,NSW,M,No,Interior_Mid,500,0.12,440,1100
-306,1,Ship2,30/12/2023,27/2/2023,80,NT,F,No,Interior_Mid,500,0.24,380,1100
-304,1,Ship2,30/12/2023,1/3/2023,70,ACT,F,No,Interior_Mid,500,0.39,305,1100
-303,1,Ship2,30/12/2023,2/3/2023,18,TAS,F,No,Interior_Mid,500,0.06,470,1100
-301,1,Ship2,30/12/2023,4/3/2023,18,TAS,M,No,Interior_Mid,500,0.05,475,1100
-300,1,Ship2,30/12/2023,5/3/2023,65,QLD,M,No,Interior_Mid,500,0.08,460,1100
-298,1,Ship2,30/12/2023,7/3/2023,30,ACT,M,Yes,Interior_Mid,500,0.14,430,1100
-297,1,Ship2,30/12/2023,8/3/2023,67,ACT,M,No,Interior_Mid,500,0.11,445,1100
-296,1,Ship2,30/12/2023,9/3/2023,18,VIC,F,No,Interior_Mid,500,0.07,465,1100
-295,1,Ship2,30/12/2023,10/3/2023,42,NT,M,No,Interior_Mid,500,0.14,430,1100
-293,1,Ship2,30/12/2023,12/3/2023,80,NT,F,No,Interior_Mid,500,0.29,355,1100
-292,1,Ship2,30/12/2023,13/3/2023,47,QLD,F,Yes,Interior_Mid,500,0.26,370,1100
-291,1,Ship2,30/12/2023,14/3/2023,18,NSW,F,No,Interior_Mid,500,0.36,320,1100
-290,1,Ship2,30/12/2023,15/3/2023,18,TAS,F,No,Interior_Mid,500,0.26,370,1100
-289,1,Ship2,30/12/2023,16/3/2023,18,NSW,M,Yes,Interior_Mid,500,0.35,325,1100
-288,1,Ship2,30/12/2023,17/3/2023,80,SA,F,No,Interior_Mid,500,0.34,330,1100
-287,1,Ship2,30/12/2023,18/3/2023,57,NSW,M,No,Interior_Mid,500,0.34,330,1100
-286,1,Ship2,30/12/2023,19/3/2023,80,NSW,M,No,Interior_Mid,500,0.16,420,1100
-285,1,Ship2,30/12/2023,20/3/2023,29,TAS,M,No,Interior_Mid,500,0.08,460,1100
-285,1,Ship2,30/12/2023,20/3/2023,18,ACT,M,No,Interior_Mid,500,0.22,390,1100
-284,1,Ship2,30/12/2023,21/3/2023,38,WA,M,No,Interior_Mid,500,0.25,375,1100
-283,1,Ship2,30/12/2023,22/3/2023,48,NSW,F,No,Interior_Mid,500,0.25,375,1100
-282,1,Ship2,30/12/2023,23/3/2023,35,VIC,M,No,Interior_Mid,500,0.2,400,1100
-281,1,Ship2,30/12/2023,24/3/2023,80,QLD,M,No,Interior_Mid,500,0.34,330,1100
-281,1,Ship2,30/12/2023,24/3/2023,76,SA,M,Yes,Interior_Mid,500,0.13,435,1100
-280,1,Ship2,30/12/2023,25/3/2023,18,NT,M,No,Interior_Mid,500,0.37,315,1100
-279,1,Ship2,30/12/2023,26/3/2023,43,VIC,F,Yes,Interior_Mid,500,0.2,400,1100
-278,1,Ship2,30/12/2023,27/3/2023,18,NSW,F,Yes,Interior_Mid,500,0.12,440,1100
-278,1,Ship2,30/12/2023,27/3/2023,25,WA,M,Yes,Interior_Mid,500,0.28,360,1100
-277,1,Ship2,30/12/2023,28/3/2023,18,SA,M,Yes,Interior_Mid,500,0.36,320,1100
-276,1,Ship2,30/12/2023,29/3/2023,18,TAS,M,Yes,Interior_Mid,500,0.24,380,1100
-276,1,Ship2,30/12/2023,29/3/2023,22,NT,F,No,Interior_Mid,500,0.23,385,1100
-275,1,Ship2,30/12/2023,30/3/2023,80,ACT,M,No,Interior_Mid,500,0.19,405,1100
-274,1,Ship2,30/12/2023,31/3/2023,31,TAS,F,No,Interior_Mid,500,0.08,460,1100
-274,1,Ship2,30/12/2023,31/3/2023,38,TAS,M,No,Interior_Mid,500,0.29,355,1100
-273,1,Ship2,30/12/2023,1/4/2023,18,VIC,M,Yes,Interior_Mid,500,0.06,470,1100
-273,1,Ship2,30/12/2023,1/4/2023,70,NT,F,No,Interior_Mid,500,0.11,445,1100
-272,1,Ship2,30/12/2023,2/4/2023,59,QLD,M,No,Interior_Mid,500,0.23,385,1100
-271,1,Ship2,30/12/2023,3/4/2023,64,TAS,M,No,Interior_Mid,500,0.07,465,1100
-271,1,Ship2,30/12/2023,3/4/2023,46,VIC,F,No,Interior_Mid,500,0.38,310,1100
-270,1,Ship2,30/12/2023,4/4/2023,80,WA,F,No,Interior_Mid,500,0.25,375,1100
-270,1,Ship2,30/12/2023,4/4/2023,18,TAS,M,No,Interior_Mid,500,0.27,365,1100
-269,1,Ship2,30/12/2023,5/4/2023,80,SA,M,No,Interior_Mid,500,0.12,440,1100
-269,1,Ship2,30/12/2023,5/4/2023,66,WA,M,No,Interior_Mid,500,0.27,365,1100
-268,1,Ship2,30/12/2023,6/4/2023,80,NSW,F,No,Interior_Mid,500,0.21,395,1100
-268,1,Ship2,30/12/2023,6/4/2023,80,ACT,M,No,Interior_Mid,500,0.1,450,1100
-267,1,Ship2,30/12/2023,7/4/2023,70,QLD,F,No,Interior_Mid,500,0.29,355,1100
-267,1,Ship2,30/12/2023,7/4/2023,80,SA,M,No,Interior_Mid,500,0.09,455,1100
-266,1,Ship2,30/12/2023,8/4/2023,80,VIC,M,No,Interior_Mid,500,0.04,480,1100
-266,1,Ship2,30/12/2023,8/4/2023,31,NT,M,Yes,Interior_Mid,500,0.39,305,1100
-265,1,Ship2,30/12/2023,9/4/2023,47,WA,M,No,Interior_Mid,500,0.23,385,1100
-265,1,Ship2,30/12/2023,9/4/2023,80,VIC,F,No,Interior_Mid,500,0.3,350,1100
-264,1,Ship2,30/12/2023,10/4/2023,80,TAS,F,Yes,Interior_Mid,500,0.04,480,1100
-264,1,Ship2,30/12/2023,10/4/2023,33,QLD,M,No,Interior_Mid,500,0.21,395,1100
-263,1,Ship2,30/12/2023,11/4/2023,56,NSW,M,No,Interior_Mid,500,0.2,400,1100
-263,1,Ship2,30/12/2023,11/4/2023,27,NT,M,No,Interior_Mid,500,0.35,325,1100
-262,1,Ship2,30/12/2023,12/4/2023,80,VIC,M,No,Interior_Mid,500,0.11,445,1100
-262,1,Ship2,30/12/2023,12/4/2023,35,WA,M,No,Interior_Mid,500,0.37,315,1100
-261,1,Ship2,30/12/2023,13/4/2023,18,ACT,F,No,Interior_Mid,500,0.2,400,1100
-261,1,Ship2,30/12/2023,13/4/2023,64,ACT,F,No,Interior_Mid,500,0.22,390,1100
-261,1,Ship2,30/12/2023,13/4/2023,77,WA,F,No,Interior_Mid,500,0.14,430,1100
-260,1,Ship2,30/12/2023,14/4/2023,75,VIC,M,No,Interior_Mid,500,0.23,385,1100
-260,1,Ship2,30/12/2023,14/4/2023,63,WA,M,Yes,Interior_Mid,500,0.12,440,1100
-259,1,Ship2,30/12/2023,15/4/2023,79,QLD,M,No,Interior_Mid,500,0.03,485,1100
-259,1,Ship2,30/12/2023,15/4/2023,18,SA,M,No,Interior_Mid,500,0.08,460,1100
-258,1,Ship2,30/12/2023,16/4/2023,31,TAS,F,No,Interior_Mid,500,0.29,355,1100
-258,1,Ship2,30/12/2023,16/4/2023,76,NT,M,No,Interior_Mid,500,0.11,445,1100
-258,1,Ship2,30/12/2023,16/4/2023,47,TAS,F,Yes,Interior_Mid,500,0.22,390,1100
-257,1,Ship2,30/12/2023,17/4/2023,45,QLD,F,No,Interior_Mid,500,0.3,350,1100
-257,1,Ship2,30/12/2023,17/4/2023,18,WA,M,No,Interior_Mid,500,0.08,460,1100
-257,1,Ship2,30/12/2023,17/4/2023,18,SA,M,No,Interior_Mid,500,0.33,335,1100
-256,1,Ship2,30/12/2023,18/4/2023,53,QLD,F,No,Interior_Mid,500,0.29,355,1100
-256,1,Ship2,30/12/2023,18/4/2023,20,VIC,M,No,Interior_Mid,500,0.27,365,1100
-255,1,Ship2,30/12/2023,19/4/2023,77,QLD,M,No,Interior_Mid,500,0.25,375,1100
-255,1,Ship2,30/12/2023,19/4/2023,33,VIC,F,Yes,Interior_Mid,500,0.03,485,1100
-255,1,Ship2,30/12/2023,19/4/2023,31,QLD,F,No,Interior_Mid,500,0.19,405,1100
-254,1,Ship2,30/12/2023,20/4/2023,80,NSW,F,Yes,Interior_Mid,500,0.34,330,1100
-254,1,Ship2,30/12/2023,20/4/2023,31,WA,M,No,Interior_Mid,500,0.08,460,1100
-254,1,Ship2,30/12/2023,20/4/2023,33,TAS,M,No,Interior_Mid,500,0.11,445,1100
-253,1,Ship2,30/12/2023,21/4/2023,80,NSW,F,Yes,Interior_Mid,500,0.16,420,1100
-253,1,Ship2,30/12/2023,21/4/2023,31,WA,M,Yes,Interior_Mid,500,0.22,390,1100
-253,1,Ship2,30/12/2023,21/4/2023,38,VIC,M,Yes,Interior_Mid,500,0.28,360,1100
-252,1,Ship2,30/12/2023,22/4/2023,52,QLD,F,Yes,Interior_Aft,550,0.21,434.5,1100
-252,1,Ship2,30/12/2023,22/4/2023,75,TAS,F,No,Interior_Aft,550,0.28,396,1100
-252,1,Ship2,30/12/2023,22/4/2023,36,TAS,M,Yes,Interior_Aft,550,0.04,528,1100
-251,1,Ship2,30/12/2023,23/4/2023,50,TAS,M,Yes,Interior_Aft,550,0.07,511.5,1100
-251,1,Ship2,30/12/2023,23/4/2023,66,ACT,M,Yes,Interior_Aft,550,0.14,473,1100
-251,1,Ship2,30/12/2023,23/4/2023,49,ACT,F,No,Interior_Aft,550,0.02,539,1100
-250,1,Ship2,30/12/2023,24/4/2023,18,ACT,M,Yes,Interior_Aft,550,0.13,478.5,1100
-250,1,Ship2,30/12/2023,24/4/2023,76,QLD,M,No,Interior_Aft,550,0.35,357.5,1100
-250,1,Ship2,30/12/2023,24/4/2023,19,NT,M,Yes,Interior_Aft,550,0.17,456.5,1100
-249,1,Ship2,30/12/2023,25/4/2023,18,ACT,M,Yes,Interior_Aft,550,0.19,445.5,1100
-249,1,Ship2,30/12/2023,25/4/2023,80,ACT,M,No,Interior_Aft,550,0.05,522.5,1100
-249,1,Ship2,30/12/2023,25/4/2023,18,ACT,F,Yes,Interior_Aft,550,0.3,385,1100
-248,1,Ship2,30/12/2023,26/4/2023,80,QLD,M,No,Interior_Aft,550,0.39,335.5,1100
-248,1,Ship2,30/12/2023,26/4/2023,30,ACT,F,No,Interior_Aft,550,0.32,374,1100
-248,1,Ship2,30/12/2023,26/4/2023,18,SA,F,No,Interior_Aft,550,0.26,407,1100
-248,1,Ship2,30/12/2023,26/4/2023,61,TAS,M,No,Interior_Aft,550,0.28,396,1100
-247,1,Ship2,30/12/2023,27/4/2023,33,TAS,F,No,Interior_Aft,550,0.18,451,1100
-247,1,Ship2,30/12/2023,27/4/2023,71,QLD,M,No,Interior_Aft,550,0.32,374,1100
-247,1,Ship2,30/12/2023,27/4/2023,18,NSW,F,No,Interior_Aft,550,0.18,451,1100
-246,1,Ship2,30/12/2023,28/4/2023,77,NT,F,No,Interior_Aft,550,0.24,418,1100
-246,1,Ship2,30/12/2023,28/4/2023,40,QLD,F,No,Interior_Aft,550,0.04,528,1100
-246,1,Ship2,30/12/2023,28/4/2023,80,VIC,M,No,Interior_Aft,550,0.12,484,1100
-246,1,Ship2,30/12/2023,28/4/2023,80,QLD,F,No,Interior_Aft,550,0.37,346.5,1100
-245,1,Ship2,30/12/2023,29/4/2023,18,NSW,M,No,Interior_Aft,550,0.25,412.5,1100
-245,1,Ship2,30/12/2023,29/4/2023,28,VIC,M,No,Interior_Aft,550,0.21,434.5,1100
-245,1,Ship2,30/12/2023,29/4/2023,76,QLD,M,No,Interior_Aft,550,0.01,544.5,1100
-244,1,Ship2,30/12/2023,30/4/2023,19,ACT,M,No,Interior_Aft,550,0.17,456.5,1100
-244,1,Ship2,30/12/2023,30/4/2023,65,VIC,F,Yes,Interior_Aft,550,0.24,418,1100
-244,1,Ship2,30/12/2023,30/4/2023,66,VIC,M,Yes,Interior_Aft,550,0.38,341,1100
-244,1,Ship2,30/12/2023,30/4/2023,18,ACT,M,No,Interior_Aft,550,0.06,517,1100
-243,1,Ship2,30/12/2023,1/5/2023,41,NT,F,No,Interior_Aft,550,0.26,407,1100
-243,1,Ship2,30/12/2023,1/5/2023,69,QLD,F,Yes,Interior_Aft,550,0,550,1100
-243,1,Ship2,30/12/2023,1/5/2023,80,NSW,F,No,Interior_Aft,550,0.08,506,1100
-243,1,Ship2,30/12/2023,1/5/2023,18,NSW,M,No,Interior_Aft,550,0.31,379.5,1100
-242,1,Ship2,30/12/2023,2/5/2023,75,NSW,F,Yes,Interior_Aft,550,0.26,407,1100
-242,1,Ship2,30/12/2023,2/5/2023,76,WA,M,No,Interior_Aft,550,0.29,390.5,1100
-242,1,Ship2,30/12/2023,2/5/2023,18,VIC,F,No,Interior_Aft,550,0.37,346.5,1100
-242,1,Ship2,30/12/2023,2/5/2023,42,QLD,M,Yes,Interior_Aft,550,0.05,522.5,1100
-241,1,Ship2,30/12/2023,3/5/2023,80,SA,F,Yes,Interior_Aft,550,0.35,357.5,1100
-241,1,Ship2,30/12/2023,3/5/2023,18,ACT,M,No,Interior_Aft,550,0.27,401.5,1100
-241,1,Ship2,30/12/2023,3/5/2023,26,NSW,M,Yes,Interior_Aft,550,0.35,357.5,1100
-241,1,Ship2,30/12/2023,3/5/2023,27,NSW,M,No,Interior_Aft,550,0.2,440,1100
-240,1,Ship2,30/12/2023,4/5/2023,18,NSW,F,No,Interior_Aft,550,0.15,467.5,1100
-240,1,Ship2,30/12/2023,4/5/2023,80,QLD,F,No,Interior_Aft,550,0.05,522.5,1100
-240,1,Ship2,30/12/2023,4/5/2023,80,SA,F,No,Interior_Aft,550,0.37,346.5,1100
-240,1,Ship2,30/12/2023,4/5/2023,65,WA,M,No,Interior_Aft,550,0.07,511.5,1100
-239,1,Ship2,30/12/2023,5/5/2023,18,WA,F,Yes,Interior_Aft,550,0.27,401.5,1100
-239,1,Ship2,30/12/2023,5/5/2023,40,SA,M,No,Interior_Aft,550,0.36,352,1100
-239,1,Ship2,30/12/2023,5/5/2023,37,NSW,M,Yes,Interior_Aft,550,0.3,385,1100
-239,1,Ship2,30/12/2023,5/5/2023,80,NSW,F,No,Interior_Aft,550,0.17,456.5,1100
-238,1,Ship2,30/12/2023,6/5/2023,80,TAS,M,No,Interior_Aft,550,0.02,539,1100
-238,1,Ship2,30/12/2023,6/5/2023,44,VIC,M,No,Interior_Aft,550,0.38,341,1100
-238,1,Ship2,30/12/2023,6/5/2023,63,NSW,F,No,Interior_Aft,550,0.22,429,1100
-238,1,Ship2,30/12/2023,6/5/2023,55,WA,M,No,Interior_Aft,550,0.21,434.5,1100
-237,1,Ship2,30/12/2023,7/5/2023,80,TAS,M,No,Interior_Aft,550,0.38,341,1100
-237,1,Ship2,30/12/2023,7/5/2023,18,VIC,M,No,Interior_Aft,550,0.34,363,1100
-237,1,Ship2,30/12/2023,7/5/2023,21,SA,M,No,Interior_Aft,550,0.33,368.5,1100
-237,1,Ship2,30/12/2023,7/5/2023,61,QLD,M,No,Interior_Aft,550,0.05,522.5,1100
-237,1,Ship2,30/12/2023,7/5/2023,51,ACT,F,No,Interior_Aft,550,0.26,407,1100
-236,1,Ship2,30/12/2023,8/5/2023,80,QLD,M,No,Interior_Aft,550,0.03,533.5,1100
-236,1,Ship2,30/12/2023,8/5/2023,18,TAS,F,No,Interior_Aft,550,0.12,484,1100
-236,1,Ship2,30/12/2023,8/5/2023,80,SA,M,No,Interior_Aft,550,0.17,456.5,1100
-236,1,Ship2,30/12/2023,8/5/2023,34,NSW,M,Yes,Interior_Aft,550,0.09,500.5,1100
-235,1,Ship2,30/12/2023,9/5/2023,18,TAS,M,No,Interior_Aft,550,0.2,440,1100
-235,1,Ship2,30/12/2023,9/5/2023,58,TAS,F,Yes,Interior_Aft,550,0.36,352,1100
-235,1,Ship2,30/12/2023,9/5/2023,41,NSW,M,Yes,Interior_Aft,550,0.29,390.5,1100
-235,1,Ship2,30/12/2023,9/5/2023,18,NSW,M,Yes,Interior_Aft,550,0.1,495,1100
-235,1,Ship2,30/12/2023,9/5/2023,80,NT,M,No,Interior_Aft,550,0.23,423.5,1100
-234,1,Ship2,30/12/2023,10/5/2023,80,SA,F,Yes,Interior_Aft,550,0.01,544.5,1100
-234,1,Ship2,30/12/2023,10/5/2023,63,WA,M,No,Interior_Aft,550,0.04,528,1100
-234,1,Ship2,30/12/2023,10/5/2023,77,SA,M,No,Interior_Aft,550,0.22,429,1100
-234,1,Ship2,30/12/2023,10/5/2023,72,TAS,M,Yes,Interior_Aft,550,0,550,1100
-233,1,Ship2,30/12/2023,11/5/2023,18,QLD,F,No,Interior_Aft,550,0.2,440,1100
-233,1,Ship2,30/12/2023,11/5/2023,80,TAS,F,Yes,Interior_Aft,550,0.37,346.5,1100
-233,1,Ship2,30/12/2023,11/5/2023,18,NT,M,No,Interior_Aft,550,0.09,500.5,1100
-233,1,Ship2,30/12/2023,11/5/2023,38,NSW,M,No,Interior_Aft,550,0.22,429,1100
-233,1,Ship2,30/12/2023,11/5/2023,80,NSW,F,Yes,Interior_Aft,550,0.38,341,1100
-232,1,Ship2,30/12/2023,12/5/2023,55,NT,M,No,Interior_Aft,550,0.29,390.5,1100
-232,1,Ship2,30/12/2023,12/5/2023,18,TAS,M,Yes,Interior_Aft,550,0.06,517,1100
-232,1,Ship2,30/12/2023,12/5/2023,44,TAS,M,No,Interior_Aft,550,0.08,506,1100
-232,1,Ship2,30/12/2023,12/5/2023,66,NSW,M,No,Interior_Aft,550,0.1,495,1100
-232,1,Ship2,30/12/2023,12/5/2023,43,VIC,F,No,Interior_Aft,550,0.37,346.5,1100
-231,1,Ship2,30/12/2023,13/5/2023,79,SA,F,No,Interior_Aft,550,0.17,456.5,1100
-231,1,Ship2,30/12/2023,13/5/2023,75,SA,M,No,Interior_Aft,550,0.07,511.5,1100
-231,1,Ship2,30/12/2023,13/5/2023,46,SA,F,No,Interior_Aft,550,0.36,352,1100
-231,1,Ship2,30/12/2023,13/5/2023,49,VIC,F,No,Interior_Aft,550,0.07,511.5,1100
-231,1,Ship2,30/12/2023,13/5/2023,42,WA,F,No,Interior_Aft,550,0.38,341,1100
-230,1,Ship2,30/12/2023,14/5/2023,68,VIC,M,No,Interior_Aft,550,0.14,473,1100
-230,1,Ship2,30/12/2023,14/5/2023,18,ACT,M,No,Interior_Aft,550,0.33,368.5,1100
-230,1,Ship2,30/12/2023,14/5/2023,62,NSW,M,Yes,Interior_Aft,550,0.27,401.5,1100
-230,1,Ship2,30/12/2023,14/5/2023,27,VIC,F,Yes,Interior_Aft,550,0.24,418,1100
-230,1,Ship2,30/12/2023,14/5/2023,80,QLD,F,No,Interior_Aft,550,0.13,478.5,1100
-229,1,Ship2,30/12/2023,15/5/2023,80,WA,M,No,Interior_Aft,550,0.02,539,1100
-229,1,Ship2,30/12/2023,15/5/2023,48,QLD,F,No,Interior_Aft,550,0.23,423.5,1100
-229,1,Ship2,30/12/2023,15/5/2023,22,ACT,M,No,Interior_Aft,550,0.18,451,1100
-229,1,Ship2,30/12/2023,15/5/2023,18,NSW,F,Yes,Interior_Aft,550,0.28,396,1100
-229,1,Ship2,30/12/2023,15/5/2023,18,NSW,M,No,Interior_Aft,550,0.37,346.5,1100
-229,1,Ship2,30/12/2023,15/5/2023,38,SA,F,No,Interior_Aft,550,0.35,357.5,1100
-228,1,Ship2,30/12/2023,16/5/2023,19,NT,M,No,Interior_Aft,550,0.22,429,1100
-228,1,Ship2,30/12/2023,16/5/2023,56,VIC,F,No,Interior_Bow,600,0.39,366,1100
-228,1,Ship2,30/12/2023,16/5/2023,80,NT,M,No,Interior_Bow,600,0.08,552,1100
-228,1,Ship2,30/12/2023,16/5/2023,80,NSW,M,No,Interior_Bow,600,0.17,498,1100
-228,1,Ship2,30/12/2023,16/5/2023,45,SA,F,Yes,Interior_Bow,600,0.35,390,1100
-227,1,Ship2,30/12/2023,17/5/2023,80,WA,F,No,Interior_Bow,600,0.2,480,1100
-227,1,Ship2,30/12/2023,17/5/2023,18,SA,F,Yes,Interior_Bow,600,0.3,420,1100
-227,1,Ship2,30/12/2023,17/5/2023,80,NSW,M,Yes,Interior_Bow,600,0.3,420,1100
-227,1,Ship2,30/12/2023,17/5/2023,80,SA,M,No,Interior_Bow,600,0.14,516,1100
-227,1,Ship2,30/12/2023,17/5/2023,80,TAS,M,No,Interior_Bow,600,0.33,402,1100
-226,1,Ship2,30/12/2023,18/5/2023,59,ACT,M,No,Interior_Bow,600,0.2,480,1100
-226,1,Ship2,30/12/2023,18/5/2023,80,VIC,M,No,Interior_Bow,600,0.11,534,1100
-226,1,Ship2,30/12/2023,18/5/2023,80,NT,F,Yes,Interior_Bow,600,0.07,558,1100
-226,1,Ship2,30/12/2023,18/5/2023,80,NSW,M,No,Interior_Bow,600,0.11,534,1100
-226,1,Ship2,30/12/2023,18/5/2023,70,VIC,F,No,Interior_Bow,600,0.05,570,1100
-226,1,Ship2,30/12/2023,18/5/2023,18,NSW,M,No,Interior_Bow,600,0.04,576,1100
-225,1,Ship2,30/12/2023,19/5/2023,18,ACT,F,No,Interior_Bow,600,0.31,414,1100
-225,1,Ship2,30/12/2023,19/5/2023,19,WA,M,No,Interior_Bow,600,0.28,432,1100
-225,1,Ship2,30/12/2023,19/5/2023,18,NT,F,Yes,Interior_Bow,600,0.29,426,1100
-225,1,Ship2,30/12/2023,19/5/2023,80,NT,F,No,Interior_Bow,600,0.12,528,1100
-225,1,Ship2,30/12/2023,19/5/2023,80,ACT,M,No,Interior_Bow,600,0.34,396,1100
-225,1,Ship2,30/12/2023,19/5/2023,80,VIC,F,No,Interior_Bow,600,0.33,402,1100
-224,1,Ship2,30/12/2023,20/5/2023,20,QLD,M,Yes,Interior_Bow,600,0.06,564,1100
-224,1,Ship2,30/12/2023,20/5/2023,80,NSW,M,No,Interior_Bow,600,0.24,456,1100
-224,1,Ship2,30/12/2023,20/5/2023,38,ACT,M,No,Interior_Bow,600,0.37,378,1100
-224,1,Ship2,30/12/2023,20/5/2023,49,QLD,M,No,Interior_Bow,600,0.27,438,1100
-224,1,Ship2,30/12/2023,20/5/2023,18,NT,M,No,Interior_Bow,600,0.08,552,1100
-223,1,Ship2,30/12/2023,21/5/2023,54,NT,M,No,Interior_Bow,600,0.1,540,1100
-223,1,Ship2,30/12/2023,21/5/2023,68,TAS,M,No,Interior_Bow,600,0.15,510,1100
-223,1,Ship2,30/12/2023,21/5/2023,18,WA,M,No,Interior_Bow,600,0.03,582,1100
-223,1,Ship2,30/12/2023,21/5/2023,43,NSW,M,No,Interior_Bow,600,0.14,516,1100
-223,1,Ship2,30/12/2023,21/5/2023,62,WA,F,Yes,Interior_Bow,600,0.03,582,1100
-223,1,Ship2,30/12/2023,21/5/2023,80,VIC,M,No,Interior_Bow,600,0.39,366,1100
-222,1,Ship2,30/12/2023,22/5/2023,31,SA,M,No,Interior_Bow,600,0.06,564,1100
-222,1,Ship2,30/12/2023,22/5/2023,39,SA,F,Yes,Interior_Bow,600,0.32,408,1100
-222,1,Ship2,30/12/2023,22/5/2023,80,VIC,F,No,Interior_Bow,600,0.37,378,1100
-222,1,Ship2,30/12/2023,22/5/2023,38,WA,M,Yes,Interior_Bow,600,0.15,510,1100
-222,1,Ship2,30/12/2023,22/5/2023,40,ACT,F,No,Interior_Bow,600,0.19,486,1100
-222,1,Ship2,30/12/2023,22/5/2023,80,ACT,M,No,Interior_Bow,600,0.35,390,1100
-221,1,Ship2,30/12/2023,23/5/2023,52,NSW,M,Yes,Interior_Bow,600,0.13,522,1100
-221,1,Ship2,30/12/2023,23/5/2023,36,ACT,M,No,Interior_Bow,600,0.33,402,1100
-221,1,Ship2,30/12/2023,23/5/2023,76,NT,M,Yes,Interior_Bow,600,0.06,564,1100
-221,1,Ship2,30/12/2023,23/5/2023,53,WA,M,Yes,Interior_Bow,600,0.14,516,1100
-221,1,Ship2,30/12/2023,23/5/2023,67,QLD,M,No,Interior_Bow,600,0.06,564,1100
-221,1,Ship2,30/12/2023,23/5/2023,49,ACT,M,No,Interior_Bow,600,0.02,588,1100
-221,1,Ship2,30/12/2023,23/5/2023,65,VIC,F,No,Interior_Bow,600,0.06,564,1100
-220,1,Ship2,30/12/2023,24/5/2023,71,ACT,M,No,Interior_Bow,600,0.2,480,1100
-220,1,Ship2,30/12/2023,24/5/2023,80,ACT,M,No,Interior_Bow,600,0.32,408,1100
-220,1,Ship2,30/12/2023,24/5/2023,80,SA,M,No,Interior_Bow,600,0.04,576,1100
-220,1,Ship2,30/12/2023,24/5/2023,18,TAS,M,No,Interior_Bow,600,0.12,528,1100
-220,1,Ship2,30/12/2023,24/5/2023,80,WA,M,No,Interior_Bow,600,0.34,396,1100
-220,1,Ship2,30/12/2023,24/5/2023,80,VIC,M,No,Interior_Bow,600,0.1,540,1100
-219,1,Ship2,30/12/2023,25/5/2023,63,NT,M,Yes,Interior_Bow,600,0.11,534,1100
-219,1,Ship2,30/12/2023,25/5/2023,25,WA,M,No,Interior_Bow,600,0.2,480,1100
-219,1,Ship2,30/12/2023,25/5/2023,68,VIC,F,Yes,Interior_Bow,600,0.35,390,1100
-219,1,Ship2,30/12/2023,25/5/2023,78,WA,F,No,Interior_Bow,600,0.22,468,1100
-219,1,Ship2,30/12/2023,25/5/2023,75,SA,F,No,Interior_Bow,600,0.14,516,1100
-219,1,Ship2,30/12/2023,25/5/2023,30,WA,F,Yes,Interior_Bow,600,0.21,474,1100
-218,1,Ship2,30/12/2023,26/5/2023,18,TAS,M,Yes,Interior_Bow,600,0.38,372,1100
-218,1,Ship2,30/12/2023,26/5/2023,80,ACT,M,No,Interior_Bow,600,0.38,372,1100
-218,1,Ship2,30/12/2023,26/5/2023,18,VIC,F,Yes,Interior_Bow,600,0.22,468,1100
-218,1,Ship2,30/12/2023,26/5/2023,18,WA,M,Yes,Interior_Bow,600,0.08,552,1100
-218,1,Ship2,30/12/2023,26/5/2023,56,TAS,F,No,Interior_Bow,600,0.07,558,1100
-218,1,Ship2,30/12/2023,26/5/2023,72,QLD,F,No,Interior_Bow,600,0.05,570,1100
-218,1,Ship2,30/12/2023,26/5/2023,78,TAS,F,Yes,Interior_Bow,600,0.35,390,1100
-217,1,Ship2,30/12/2023,27/5/2023,18,QLD,F,Yes,Interior_Bow,600,0.36,384,1100
-217,1,Ship2,30/12/2023,27/5/2023,32,ACT,M,Yes,Interior_Bow,600,0.23,462,1100
-217,1,Ship2,30/12/2023,27/5/2023,80,ACT,F,No,Interior_Bow,600,0.12,528,1100
-217,1,Ship2,30/12/2023,27/5/2023,77,VIC,M,No,Interior_Bow,600,0.22,468,1100
-217,1,Ship2,30/12/2023,27/5/2023,53,WA,M,No,Interior_Bow,600,0.37,378,1100
-217,1,Ship2,30/12/2023,27/5/2023,80,VIC,M,No,Interior_Bow,600,0.25,450,1100
-216,1,Ship2,30/12/2023,28/5/2023,80,NSW,M,Yes,Interior_Bow,600,0.06,564,1100
-216,1,Ship2,30/12/2023,28/5/2023,41,NT,F,No,Interior_Bow,600,0.01,594,1100
-216,1,Ship2,30/12/2023,28/5/2023,80,QLD,F,No,Interior_Bow,600,0.24,456,1100
-216,1,Ship2,30/12/2023,28/5/2023,73,SA,M,Yes,Interior_Bow,600,0.07,558,1100
-216,1,Ship2,30/12/2023,28/5/2023,18,NT,M,No,Interior_Bow,600,0.14,516,1100
-216,1,Ship2,30/12/2023,28/5/2023,76,SA,F,No,Interior_Bow,600,0.06,564,1100
-216,1,Ship2,30/12/2023,28/5/2023,62,QLD,M,No,Interior_Bow,600,0.06,564,1100
-215,1,Ship2,30/12/2023,29/5/2023,55,WA,F,No,Interior_Bow,600,0.2,480,1100
-215,1,Ship2,30/12/2023,29/5/2023,78,VIC,M,No,Interior_Bow,600,0.15,510,1100
-215,1,Ship2,30/12/2023,29/5/2023,80,NT,M,No,Interior_Bow,600,0.33,402,1100
-215,1,Ship2,30/12/2023,29/5/2023,55,SA,M,No,Interior_Bow,600,0.17,498,1100
-215,1,Ship2,30/12/2023,29/5/2023,80,QLD,F,No,Interior_Bow,600,0.36,384,1100
-215,1,Ship2,30/12/2023,29/5/2023,18,SA,F,Yes,Interior_Bow,600,0.13,522,1100
-215,1,Ship2,30/12/2023,29/5/2023,18,QLD,F,Yes,Interior_Bow,600,0.24,456,1100
-214,1,Ship2,30/12/2023,30/5/2023,18,NT,M,Yes,Interior_Bow,600,0.22,468,1100
-214,1,Ship2,30/12/2023,30/5/2023,28,NSW,M,No,Interior_Bow,600,0.14,516,1100
-214,1,Ship2,30/12/2023,30/5/2023,64,NT,F,No,Interior_Bow,600,0.3,420,1100
-214,1,Ship2,30/12/2023,30/5/2023,36,VIC,F,No,Interior_Bow,600,0.07,558,1100
-214,1,Ship2,30/12/2023,30/5/2023,80,TAS,M,No,Interior_Bow,600,0.19,486,1100
-214,1,Ship2,30/12/2023,30/5/2023,64,QLD,M,Yes,Interior_Bow,600,0.36,384,1100
-214,1,Ship2,30/12/2023,30/5/2023,80,QLD,M,No,Interior_Bow,600,0.38,372,1100
-213,1,Ship2,30/12/2023,31/5/2023,26,VIC,M,No,Interior_Bow,600,0.24,456,1100
-213,1,Ship2,30/12/2023,31/5/2023,18,SA,M,No,Interior_Bow,600,0.1,540,1100
-213,1,Ship2,30/12/2023,31/5/2023,80,NT,M,Yes,Interior_Bow,600,0.28,432,1100
-213,1,Ship2,30/12/2023,31/5/2023,24,WA,F,No,Interior_Bow,600,0.26,444,1100
-213,1,Ship2,30/12/2023,31/5/2023,32,TAS,F,Yes,Interior_Bow,600,0.25,450,1100
-213,1,Ship2,30/12/2023,31/5/2023,18,NSW,M,Yes,Interior_Bow,600,0.17,498,1100
-213,1,Ship2,30/12/2023,31/5/2023,80,SA,M,No,Interior_Bow,600,0.16,504,1100
-212,1,Ship2,30/12/2023,1/6/2023,37,WA,F,No,Interior_Bow,600,0.32,408,1100
-212,1,Ship2,30/12/2023,1/6/2023,20,NSW,F,Yes,Balcony_Mid,650,0.06,611,1100
-212,1,Ship2,30/12/2023,1/6/2023,80,QLD,M,No,Balcony_Mid,650,0.23,500.5,1100
-212,1,Ship2,30/12/2023,1/6/2023,18,WA,M,No,Balcony_Mid,650,0.17,539.5,1100
-212,1,Ship2,30/12/2023,1/6/2023,80,WA,F,Yes,Balcony_Mid,650,0.35,422.5,1100
-212,1,Ship2,30/12/2023,1/6/2023,78,SA,F,Yes,Balcony_Mid,650,0.27,474.5,1100
-212,1,Ship2,30/12/2023,1/6/2023,80,ACT,M,Yes,Balcony_Mid,650,0.36,416,1100
-211,1,Ship2,30/12/2023,2/6/2023,65,NSW,M,No,Balcony_Mid,650,0.11,578.5,1100
-211,1,Ship2,30/12/2023,2/6/2023,36,WA,F,Yes,Balcony_Mid,650,0.18,533,1100
-211,1,Ship2,30/12/2023,2/6/2023,18,QLD,M,No,Balcony_Mid,650,0.18,533,1100
-211,1,Ship2,30/12/2023,2/6/2023,18,ACT,M,No,Balcony_Mid,650,0.29,461.5,1100
-211,1,Ship2,30/12/2023,2/6/2023,33,NSW,M,No,Balcony_Mid,650,0.27,474.5,1100
-211,1,Ship2,30/12/2023,2/6/2023,80,TAS,F,No,Balcony_Mid,650,0.36,416,1100
-211,1,Ship2,30/12/2023,2/6/2023,66,NSW,F,Yes,Balcony_Mid,650,0.11,578.5,1100
-210,1,Ship2,30/12/2023,3/6/2023,80,NT,M,No,Balcony_Mid,650,0.37,409.5,1100
-210,1,Ship2,30/12/2023,3/6/2023,18,SA,M,No,Balcony_Mid,650,0.06,611,1100
-210,1,Ship2,30/12/2023,3/6/2023,18,VIC,M,No,Balcony_Mid,650,0.05,617.5,1100
-210,1,Ship2,30/12/2023,3/6/2023,56,NSW,M,No,Balcony_Mid,650,0.2,520,1100
-210,1,Ship2,30/12/2023,3/6/2023,80,QLD,M,Yes,Balcony_Mid,650,0.03,630.5,1100
-210,1,Ship2,30/12/2023,3/6/2023,25,ACT,M,No,Balcony_Mid,650,0.33,435.5,1100
-210,1,Ship2,30/12/2023,3/6/2023,26,QLD,M,Yes,Balcony_Mid,650,0.1,585,1100
-210,1,Ship2,30/12/2023,3/6/2023,55,ACT,F,Yes,Balcony_Mid,650,0.22,507,1100
-209,1,Ship2,30/12/2023,4/6/2023,18,TAS,F,No,Balcony_Mid,650,0.17,539.5,1100
-209,1,Ship2,30/12/2023,4/6/2023,51,VIC,F,Yes,Balcony_Mid,650,0.36,416,1100
-209,1,Ship2,30/12/2023,4/6/2023,31,ACT,F,No,Balcony_Mid,650,0.31,448.5,1100
-209,1,Ship2,30/12/2023,4/6/2023,42,VIC,F,No,Balcony_Mid,650,0.01,643.5,1100
-209,1,Ship2,30/12/2023,4/6/2023,70,VIC,F,Yes,Balcony_Mid,650,0.24,494,1100
-209,1,Ship2,30/12/2023,4/6/2023,80,NSW,M,Yes,Balcony_Mid,650,0.1,585,1100
-209,1,Ship2,30/12/2023,4/6/2023,18,TAS,M,No,Balcony_Mid,650,0.07,604.5,1100
-208,1,Ship2,30/12/2023,5/6/2023,78,QLD,M,No,Balcony_Mid,650,0,650,1100
-208,1,Ship2,30/12/2023,5/6/2023,58,SA,F,No,Balcony_Mid,650,0.14,559,1100
-208,1,Ship2,30/12/2023,5/6/2023,79,WA,F,Yes,Balcony_Mid,650,0.38,403,1100
-208,1,Ship2,30/12/2023,5/6/2023,80,ACT,F,No,Balcony_Mid,650,0.05,617.5,1100
-208,1,Ship2,30/12/2023,5/6/2023,57,TAS,M,No,Balcony_Mid,650,0.36,416,1100
-208,1,Ship2,30/12/2023,5/6/2023,66,NSW,M,No,Balcony_Mid,650,0.1,585,1100
-208,1,Ship2,30/12/2023,5/6/2023,18,SA,M,No,Balcony_Mid,650,0.18,533,1100
-208,1,Ship2,30/12/2023,5/6/2023,79,NT,M,Yes,Balcony_Mid,650,0.28,468,1100
-207,1,Ship2,30/12/2023,6/6/2023,18,ACT,F,No,Balcony_Mid,650,0.19,526.5,1100
-207,1,Ship2,30/12/2023,6/6/2023,18,TAS,M,Yes,Balcony_Mid,650,0.16,546,1100
-207,1,Ship2,30/12/2023,6/6/2023,80,NSW,M,No,Balcony_Mid,650,0.22,507,1100
-207,1,Ship2,30/12/2023,6/6/2023,26,ACT,F,No,Balcony_Mid,650,0.31,448.5,1100
-207,1,Ship2,30/12/2023,6/6/2023,18,TAS,M,No,Balcony_Mid,650,0.21,513.5,1100
-207,1,Ship2,30/12/2023,6/6/2023,18,NT,M,No,Balcony_Mid,650,0.36,416,1100
-207,1,Ship2,30/12/2023,6/6/2023,77,VIC,F,Yes,Balcony_Mid,650,0.08,598,1100
-207,1,Ship2,30/12/2023,6/6/2023,25,TAS,F,No,Balcony_Mid,650,0.32,442,1100
-206,1,Ship2,30/12/2023,7/6/2023,49,VIC,M,Yes,Balcony_Mid,650,0.39,396.5,1100
-206,1,Ship2,30/12/2023,7/6/2023,18,QLD,M,Yes,Balcony_Mid,650,0.25,487.5,1100
-206,1,Ship2,30/12/2023,7/6/2023,75,TAS,M,No,Balcony_Mid,650,0.13,565.5,1100
-206,1,Ship2,30/12/2023,7/6/2023,77,NSW,M,No,Balcony_Mid,650,0.29,461.5,1100
-206,1,Ship2,30/12/2023,7/6/2023,73,NSW,F,No,Balcony_Mid,650,0.31,448.5,1100
-206,1,Ship2,30/12/2023,7/6/2023,32,WA,F,No,Balcony_Mid,650,0.16,546,1100
-206,1,Ship2,30/12/2023,7/6/2023,23,ACT,M,No,Balcony_Mid,650,0.3,455,1100
-205,1,Ship2,30/12/2023,8/6/2023,78,QLD,M,No,Balcony_Mid,650,0.06,611,1100
-205,1,Ship2,30/12/2023,8/6/2023,41,NT,M,No,Balcony_Mid,650,0.13,565.5,1100
-205,1,Ship2,30/12/2023,8/6/2023,18,WA,F,No,Balcony_Mid,650,0.21,513.5,1100
-205,1,Ship2,30/12/2023,8/6/2023,24,NT,M,No,Balcony_Mid,650,0.32,442,1100
-205,1,Ship2,30/12/2023,8/6/2023,80,WA,M,Yes,Balcony_Mid,650,0.36,416,1100
-205,1,Ship2,30/12/2023,8/6/2023,18,SA,M,Yes,Balcony_Mid,650,0.38,403,1100
-205,1,Ship2,30/12/2023,8/6/2023,46,VIC,F,Yes,Balcony_Mid,650,0.06,611,1100
-205,1,Ship2,30/12/2023,8/6/2023,45,TAS,M,No,Balcony_Mid,650,0.31,448.5,1100
-204,1,Ship2,30/12/2023,9/6/2023,18,SA,F,No,Balcony_Mid,650,0.12,572,1100
-204,1,Ship2,30/12/2023,9/6/2023,80,TAS,F,No,Balcony_Mid,650,0.26,481,1100
-204,1,Ship2,30/12/2023,9/6/2023,80,VIC,M,No,Balcony_Mid,650,0.06,611,1100
-204,1,Ship2,30/12/2023,9/6/2023,80,WA,M,No,Balcony_Mid,650,0.06,611,1100
-204,1,Ship2,30/12/2023,9/6/2023,18,WA,M,No,Balcony_Mid,650,0.37,409.5,1100
-204,1,Ship2,30/12/2023,9/6/2023,80,QLD,M,No,Balcony_Mid,650,0.1,585,1100
-204,1,Ship2,30/12/2023,9/6/2023,45,QLD,M,No,Balcony_Mid,650,0.19,526.5,1100
-204,1,Ship2,30/12/2023,9/6/2023,80,ACT,M,No,Balcony_Mid,650,0.38,403,1100
-203,1,Ship2,30/12/2023,10/6/2023,58,NSW,M,No,Balcony_Mid,650,0.37,409.5,1100
-203,1,Ship2,30/12/2023,10/6/2023,49,SA,M,No,Balcony_Mid,650,0.17,539.5,1100
-203,1,Ship2,30/12/2023,10/6/2023,54,SA,M,No,Balcony_Mid,650,0.33,435.5,1100
-203,1,Ship2,30/12/2023,10/6/2023,36,NSW,F,Yes,Balcony_Mid,650,0.25,487.5,1100
-203,1,Ship2,30/12/2023,10/6/2023,80,QLD,F,Yes,Balcony_Mid,650,0.13,565.5,1100
-203,1,Ship2,30/12/2023,10/6/2023,55,SA,M,No,Balcony_Mid,650,0.39,396.5,1100
-203,1,Ship2,30/12/2023,10/6/2023,80,VIC,M,Yes,Balcony_Mid,650,0.04,624,1100
-203,1,Ship2,30/12/2023,10/6/2023,62,WA,F,Yes,Balcony_Mid,650,0.16,546,1100
-202,1,Ship2,30/12/2023,11/6/2023,80,ACT,M,No,Balcony_Mid,650,0.32,442,1100
-202,1,Ship2,30/12/2023,11/6/2023,24,NSW,M,No,Balcony_Mid,650,0.01,643.5,1100
-202,1,Ship2,30/12/2023,11/6/2023,80,SA,M,No,Balcony_Mid,650,0.24,494,1100
-202,1,Ship2,30/12/2023,11/6/2023,61,SA,M,No,Balcony_Mid,650,0.29,461.5,1100
-202,1,Ship2,30/12/2023,11/6/2023,37,WA,M,Yes,Balcony_Mid,650,0.02,637,1100
-202,1,Ship2,30/12/2023,11/6/2023,20,VIC,F,No,Balcony_Mid,650,0.21,513.5,1100
-202,1,Ship2,30/12/2023,11/6/2023,74,SA,F,No,Balcony_Mid,650,0.2,520,1100
-202,1,Ship2,30/12/2023,11/6/2023,27,NT,M,No,Balcony_Mid,650,0.23,500.5,1100
-201,1,Ship2,30/12/2023,12/6/2023,32,VIC,M,No,Balcony_Mid,650,0.33,435.5,1100
-201,1,Ship2,30/12/2023,12/6/2023,41,TAS,M,Yes,Balcony_Mid,650,0.07,604.5,1100
-201,1,Ship2,30/12/2023,12/6/2023,80,NSW,M,No,Balcony_Mid,650,0.3,455,1100
-201,1,Ship2,30/12/2023,12/6/2023,80,NSW,F,No,Balcony_Mid,650,0.04,624,1100
-201,1,Ship2,30/12/2023,12/6/2023,18,WA,F,No,Balcony_Mid,650,0.36,416,1100
-201,1,Ship2,30/12/2023,12/6/2023,18,VIC,M,No,Balcony_Mid,650,0.03,630.5,1100
-201,1,Ship2,30/12/2023,12/6/2023,48,NSW,M,Yes,Balcony_Mid,650,0.02,637,1100
-201,1,Ship2,30/12/2023,12/6/2023,45,VIC,M,Yes,Balcony_Mid,650,0.16,546,1100
-201,1,Ship2,30/12/2023,12/6/2023,37,QLD,F,No,Balcony_Mid,650,0.06,611,1100
-200,1,Ship2,30/12/2023,13/6/2023,58,NT,M,No,Balcony_Mid,650,0.12,572,1100
-200,1,Ship2,30/12/2023,13/6/2023,51,QLD,F,No,Balcony_Mid,650,0.39,396.5,1100
-200,1,Ship2,30/12/2023,13/6/2023,64,QLD,F,Yes,Balcony_Mid,650,0.06,611,1100
-200,1,Ship2,30/12/2023,13/6/2023,20,NSW,M,Yes,Balcony_Mid,650,0.06,611,1100
-200,1,Ship2,30/12/2023,13/6/2023,80,WA,M,No,Balcony_Mid,650,0.09,591.5,1100
-200,1,Ship2,30/12/2023,13/6/2023,55,WA,F,No,Balcony_Mid,650,0.36,416,1100
-200,1,Ship2,30/12/2023,13/6/2023,32,SA,F,No,Balcony_Mid,650,0.19,526.5,1100
-200,1,Ship2,30/12/2023,13/6/2023,32,NT,M,No,Balcony_Aft,700,0.07,651,1100
-199,1,Ship2,30/12/2023,14/6/2023,75,SA,M,Yes,Balcony_Aft,700,0.19,567,1100
-199,1,Ship2,30/12/2023,14/6/2023,77,VIC,M,Yes,Balcony_Aft,700,0.11,623,1100
-199,1,Ship2,30/12/2023,14/6/2023,64,TAS,F,Yes,Balcony_Aft,700,0.1,630,1100
-199,1,Ship2,30/12/2023,14/6/2023,80,WA,M,No,Balcony_Aft,700,0.03,679,1100
-199,1,Ship2,30/12/2023,14/6/2023,69,NSW,F,No,Balcony_Aft,700,0.03,679,1100
-199,1,Ship2,30/12/2023,14/6/2023,19,QLD,M,Yes,Balcony_Aft,700,0.26,518,1100
-199,1,Ship2,30/12/2023,14/6/2023,28,TAS,F,No,Balcony_Aft,700,0.04,672,1100
-199,1,Ship2,30/12/2023,14/6/2023,80,NSW,M,Yes,Balcony_Aft,700,0.2,560,1100
-198,1,Ship2,30/12/2023,15/6/2023,67,ACT,M,No,Balcony_Aft,700,0.35,455,1100
-198,1,Ship2,30/12/2023,15/6/2023,18,VIC,M,No,Balcony_Aft,700,0.21,553,1100
-198,1,Ship2,30/12/2023,15/6/2023,21,NSW,F,No,Balcony_Aft,700,0.33,469,1100
-198,1,Ship2,30/12/2023,15/6/2023,18,VIC,M,Yes,Balcony_Aft,700,0.14,602,1100
-198,1,Ship2,30/12/2023,15/6/2023,62,VIC,F,Yes,Balcony_Aft,700,0.32,476,1100
-198,1,Ship2,30/12/2023,15/6/2023,18,WA,M,Yes,Balcony_Aft,700,0.23,539,1100
-198,1,Ship2,30/12/2023,15/6/2023,75,ACT,M,Yes,Balcony_Aft,700,0.12,616,1100
-198,1,Ship2,30/12/2023,15/6/2023,42,NSW,F,No,Balcony_Aft,700,0.29,497,1100
-198,1,Ship2,30/12/2023,15/6/2023,32,NT,F,No,Balcony_Aft,700,0.1,630,1100
-197,1,Ship2,30/12/2023,16/6/2023,58,NT,F,No,Balcony_Aft,700,0.1,630,1100
-197,1,Ship2,30/12/2023,16/6/2023,80,SA,M,Yes,Balcony_Aft,700,0.26,518,1100
-197,1,Ship2,30/12/2023,16/6/2023,31,ACT,M,No,Balcony_Aft,700,0.25,525,1100
-197,1,Ship2,30/12/2023,16/6/2023,74,NSW,M,Yes,Balcony_Aft,700,0.13,609,1100
-197,1,Ship2,30/12/2023,16/6/2023,68,NT,M,No,Balcony_Aft,700,0.17,581,1100
-197,1,Ship2,30/12/2023,16/6/2023,76,NSW,F,No,Balcony_Aft,700,0.15,595,1100
-197,1,Ship2,30/12/2023,16/6/2023,68,VIC,M,No,Balcony_Aft,700,0.11,623,1100
-197,1,Ship2,30/12/2023,16/6/2023,72,QLD,F,Yes,Balcony_Aft,700,0.3,490,1100
-196,1,Ship2,30/12/2023,17/6/2023,80,NSW,M,No,Balcony_Aft,700,0.2,560,1100
-196,1,Ship2,30/12/2023,17/6/2023,18,VIC,M,No,Balcony_Aft,700,0.14,602,1100
-196,1,Ship2,30/12/2023,17/6/2023,18,SA,M,Yes,Balcony_Aft,700,0.17,581,1100
-196,1,Ship2,30/12/2023,17/6/2023,18,TAS,F,No,Balcony_Aft,700,0.15,595,1100
-196,1,Ship2,30/12/2023,17/6/2023,18,SA,M,No,Balcony_Aft,700,0.32,476,1100
-196,1,Ship2,30/12/2023,17/6/2023,80,QLD,F,Yes,Balcony_Aft,700,0.33,469,1100
-196,1,Ship2,30/12/2023,17/6/2023,29,NSW,M,No,Balcony_Aft,700,0.32,476,1100
-196,1,Ship2,30/12/2023,17/6/2023,44,ACT,F,No,Balcony_Aft,700,0.19,567,1100
-196,1,Ship2,30/12/2023,17/6/2023,80,QLD,M,No,Balcony_Aft,700,0.19,567,1100
-195,1,Ship2,30/12/2023,18/6/2023,79,SA,M,Yes,Balcony_Aft,700,0.35,455,1100
-195,1,Ship2,30/12/2023,18/6/2023,20,NT,F,No,Balcony_Aft,700,0.18,574,1100
-195,1,Ship2,30/12/2023,18/6/2023,64,ACT,M,Yes,Balcony_Aft,700,0.06,658,1100
-195,1,Ship2,30/12/2023,18/6/2023,46,VIC,M,Yes,Balcony_Aft,700,0.23,539,1100
-195,1,Ship2,30/12/2023,18/6/2023,18,VIC,M,No,Balcony_Aft,700,0.31,483,1100
-195,1,Ship2,30/12/2023,18/6/2023,80,NSW,F,Yes,Balcony_Aft,700,0.12,616,1100
-195,1,Ship2,30/12/2023,18/6/2023,50,VIC,M,Yes,Balcony_Aft,700,0.3,490,1100
-195,1,Ship2,30/12/2023,18/6/2023,80,NT,F,No,Balcony_Aft,700,0.09,637,1100
-195,1,Ship2,30/12/2023,18/6/2023,58,NT,M,No,Balcony_Aft,700,0.39,427,1100
-194,1,Ship2,30/12/2023,19/6/2023,31,VIC,F,No,Balcony_Aft,700,0.37,441,1100
-194,1,Ship2,30/12/2023,19/6/2023,62,QLD,F,No,Balcony_Aft,700,0.2,560,1100
-194,1,Ship2,30/12/2023,19/6/2023,70,NT,F,No,Balcony_Aft,700,0.16,588,1100
-194,1,Ship2,30/12/2023,19/6/2023,80,NSW,M,No,Balcony_Aft,700,0.02,686,1100
-194,1,Ship2,30/12/2023,19/6/2023,48,TAS,F,No,Balcony_Aft,700,0.21,553,1100
-194,1,Ship2,30/12/2023,19/6/2023,29,VIC,M,No,Balcony_Aft,700,0,700,1100
-194,1,Ship2,30/12/2023,19/6/2023,55,NSW,F,No,Balcony_Aft,700,0.12,616,1100
-194,1,Ship2,30/12/2023,19/6/2023,18,VIC,M,No,Balcony_Aft,700,0.2,560,1100
-193,1,Ship2,30/12/2023,20/6/2023,18,NT,F,No,Balcony_Aft,700,0.33,469,1100
-193,1,Ship2,30/12/2023,20/6/2023,63,VIC,M,No,Balcony_Aft,700,0.15,595,1100
-193,1,Ship2,30/12/2023,20/6/2023,29,WA,F,Yes,Balcony_Aft,700,0.25,525,1100
-193,1,Ship2,30/12/2023,20/6/2023,22,QLD,F,No,Balcony_Aft,700,0.28,504,1100
-193,1,Ship2,30/12/2023,20/6/2023,52,NT,F,No,Balcony_Aft,700,0.35,455,1100
-193,1,Ship2,30/12/2023,20/6/2023,18,QLD,M,No,Balcony_Aft,700,0.15,595,1100
-193,1,Ship2,30/12/2023,20/6/2023,80,TAS,M,No,Balcony_Aft,700,0.12,616,1100
-193,1,Ship2,30/12/2023,20/6/2023,80,NT,M,No,Balcony_Aft,700,0.01,693,1100
-193,1,Ship2,30/12/2023,20/6/2023,43,QLD,M,No,Balcony_Aft,700,0.14,602,1100
-192,1,Ship2,30/12/2023,21/6/2023,76,VIC,F,No,Balcony_Aft,700,0.32,476,1100
-192,1,Ship2,30/12/2023,21/6/2023,38,TAS,M,No,Balcony_Aft,700,0.09,637,1100
-192,1,Ship2,30/12/2023,21/6/2023,64,NSW,M,No,Balcony_Aft,700,0.04,672,1100
-192,1,Ship2,30/12/2023,21/6/2023,18,WA,F,Yes,Balcony_Aft,700,0.2,560,1100
-192,1,Ship2,30/12/2023,21/6/2023,76,ACT,F,No,Balcony_Aft,700,0.14,602,1100
-192,1,Ship2,30/12/2023,21/6/2023,80,VIC,M,Yes,Balcony_Aft,700,0.26,518,1100
-192,1,Ship2,30/12/2023,21/6/2023,75,QLD,M,Yes,Balcony_Aft,700,0.22,546,1100
-192,1,Ship2,30/12/2023,21/6/2023,30,ACT,F,No,Balcony_Aft,700,0.05,665,1100
-192,1,Ship2,30/12/2023,21/6/2023,78,VIC,M,Yes,Balcony_Aft,700,0.21,553,1100
-191,1,Ship2,30/12/2023,22/6/2023,80,NSW,M,No,Balcony_Aft,700,0.36,448,1100
-191,1,Ship2,30/12/2023,22/6/2023,34,TAS,F,Yes,Balcony_Aft,700,0.08,644,1100
-191,1,Ship2,30/12/2023,22/6/2023,62,SA,F,No,Balcony_Aft,700,0.34,462,1100
-191,1,Ship2,30/12/2023,22/6/2023,51,TAS,F,No,Balcony_Aft,700,0.22,546,1100
-191,1,Ship2,30/12/2023,22/6/2023,42,QLD,M,No,Balcony_Aft,700,0.14,602,1100
-191,1,Ship2,30/12/2023,22/6/2023,19,QLD,M,No,Balcony_Aft,700,0.2,560,1100
-191,1,Ship2,30/12/2023,22/6/2023,73,TAS,M,No,Balcony_Aft,700,0.26,518,1100
-191,1,Ship2,30/12/2023,22/6/2023,80,NSW,M,Yes,Balcony_Aft,700,0.11,623,1100
-191,1,Ship2,30/12/2023,22/6/2023,80,TAS,M,Yes,Balcony_Aft,700,0.33,469,1100
-190,1,Ship2,30/12/2023,23/6/2023,28,NSW,M,No,Balcony_Aft,700,0.18,574,1100
-190,1,Ship2,30/12/2023,23/6/2023,18,ACT,M,No,Balcony_Aft,700,0.02,686,1100
-190,1,Ship2,30/12/2023,23/6/2023,18,TAS,M,Yes,Balcony_Aft,700,0.19,567,1100
-190,1,Ship2,30/12/2023,23/6/2023,80,ACT,M,No,Balcony_Aft,700,0.34,462,1100
-190,1,Ship2,30/12/2023,23/6/2023,34,ACT,F,No,Balcony_Aft,700,0.22,546,1100
-190,1,Ship2,30/12/2023,23/6/2023,79,NSW,F,No,Balcony_Aft,700,0.25,525,1100
-190,1,Ship2,30/12/2023,23/6/2023,45,NT,F,No,Balcony_Aft,700,0.28,504,1100
-190,1,Ship2,30/12/2023,23/6/2023,19,NSW,F,Yes,Balcony_Aft,700,0.26,518,1100
-190,1,Ship2,30/12/2023,23/6/2023,22,TAS,F,No,Balcony_Aft,700,0.15,595,1100
-189,1,Ship2,30/12/2023,24/6/2023,18,QLD,M,No,Balcony_Aft,700,0.06,658,1100
-189,1,Ship2,30/12/2023,24/6/2023,18,SA,M,No,Balcony_Aft,700,0.31,483,1100
-189,1,Ship2,30/12/2023,24/6/2023,34,NT,M,Yes,Balcony_Aft,700,0.26,518,1100
-189,1,Ship2,30/12/2023,24/6/2023,80,SA,M,No,Balcony_Aft,700,0.09,637,1100
-189,1,Ship2,30/12/2023,24/6/2023,71,SA,M,No,Balcony_Aft,700,0.13,609,1100
-189,1,Ship2,30/12/2023,24/6/2023,80,SA,F,Yes,Balcony_Aft,700,0.34,462,1100
-189,1,Ship2,30/12/2023,24/6/2023,26,VIC,M,No,Balcony_Aft,700,0.12,616,1100
-189,1,Ship2,30/12/2023,24/6/2023,80,SA,M,No,Balcony_Aft,700,0.19,567,1100
-189,1,Ship2,30/12/2023,24/6/2023,18,VIC,M,No,Balcony_Aft,700,0.14,602,1100
-188,1,Ship2,30/12/2023,25/6/2023,18,TAS,F,No,Balcony_Aft,700,0.12,616,1100
-188,1,Ship2,30/12/2023,25/6/2023,60,QLD,M,No,Balcony_Aft,700,0.24,532,1100
-188,1,Ship2,30/12/2023,25/6/2023,44,VIC,M,Yes,Balcony_Bow,750,0.11,667.5,1100
-188,1,Ship2,30/12/2023,25/6/2023,59,WA,M,No,Balcony_Bow,750,0.13,652.5,1100
-188,1,Ship2,30/12/2023,25/6/2023,38,NSW,F,Yes,Balcony_Bow,750,0.2,600,1100
-188,1,Ship2,30/12/2023,25/6/2023,18,WA,M,Yes,Balcony_Bow,750,0.08,690,1100
-188,1,Ship2,30/12/2023,25/6/2023,80,ACT,M,No,Balcony_Bow,750,0.21,592.5,1100
-188,1,Ship2,30/12/2023,25/6/2023,55,NSW,F,No,Balcony_Bow,750,0.08,690,1100
-188,1,Ship2,30/12/2023,25/6/2023,80,SA,F,Yes,Balcony_Bow,750,0.2,600,1100
-187,1,Ship2,30/12/2023,26/6/2023,79,ACT,M,No,Balcony_Bow,750,0.35,487.5,1100
-187,1,Ship2,30/12/2023,26/6/2023,21,QLD,M,Yes,Balcony_Bow,750,0.2,600,1100
-187,1,Ship2,30/12/2023,26/6/2023,18,NSW,M,Yes,Balcony_Bow,750,0.24,570,1100
-187,1,Ship2,30/12/2023,26/6/2023,33,VIC,M,Yes,Balcony_Bow,750,0.05,712.5,1100
-187,1,Ship2,30/12/2023,26/6/2023,18,ACT,M,No,Balcony_Bow,750,0.08,690,1100
-187,1,Ship2,30/12/2023,26/6/2023,61,ACT,M,Yes,Balcony_Bow,750,0.25,562.5,1100
-187,1,Ship2,30/12/2023,26/6/2023,80,WA,M,No,Balcony_Bow,750,0.13,652.5,1100
-187,1,Ship2,30/12/2023,26/6/2023,18,NT,M,No,Balcony_Bow,750,0.11,667.5,1100
-187,1,Ship2,30/12/2023,26/6/2023,18,NSW,M,Yes,Balcony_Bow,750,0.02,735,1100
-186,1,Ship2,30/12/2023,27/6/2023,46,TAS,M,Yes,Balcony_Bow,750,0.01,742.5,1100
-186,1,Ship2,30/12/2023,27/6/2023,72,NSW,F,No,Balcony_Bow,750,0.05,712.5,1100
-186,1,Ship2,30/12/2023,27/6/2023,19,QLD,M,No,Balcony_Bow,750,0.17,622.5,1100
-186,1,Ship2,30/12/2023,27/6/2023,79,SA,M,No,Balcony_Bow,750,0.3,525,1100
-186,1,Ship2,30/12/2023,27/6/2023,80,NT,M,No,Balcony_Bow,750,0.11,667.5,1100
-186,1,Ship2,30/12/2023,27/6/2023,60,QLD,M,Yes,Balcony_Bow,750,0.37,472.5,1100
-186,1,Ship2,30/12/2023,27/6/2023,37,ACT,F,No,Balcony_Bow,750,0.36,480,1100
-186,1,Ship2,30/12/2023,27/6/2023,51,TAS,M,No,Balcony_Bow,750,0,750,1100
-186,1,Ship2,30/12/2023,27/6/2023,80,QLD,M,Yes,Balcony_Bow,750,0.07,697.5,1100
-185,1,Ship2,30/12/2023,28/6/2023,54,NSW,M,No,Balcony_Bow,750,0.3,525,1100
-185,1,Ship2,30/12/2023,28/6/2023,51,SA,M,No,Balcony_Bow,750,0.11,667.5,1100
-185,1,Ship2,30/12/2023,28/6/2023,30,VIC,M,Yes,Balcony_Bow,750,0.03,727.5,1100
-185,1,Ship2,30/12/2023,28/6/2023,45,NT,M,Yes,Balcony_Bow,750,0.22,585,1100
-185,1,Ship2,30/12/2023,28/6/2023,80,SA,M,No,Balcony_Bow,750,0.31,517.5,1100
-185,1,Ship2,30/12/2023,28/6/2023,80,VIC,M,No,Balcony_Bow,750,0.24,570,1100
-185,1,Ship2,30/12/2023,28/6/2023,59,VIC,F,No,Balcony_Bow,750,0.29,532.5,1100
-185,1,Ship2,30/12/2023,28/6/2023,59,QLD,F,No,Balcony_Bow,750,0.13,652.5,1100
-185,1,Ship2,30/12/2023,28/6/2023,43,VIC,M,No,Balcony_Bow,750,0.25,562.5,1100
-184,1,Ship2,30/12/2023,29/6/2023,58,TAS,M,Yes,Balcony_Bow,750,0.2,600,1100
-184,1,Ship2,30/12/2023,29/6/2023,42,VIC,M,No,Balcony_Bow,750,0.36,480,1100
-184,1,Ship2,30/12/2023,29/6/2023,18,NSW,F,No,Balcony_Bow,750,0.25,562.5,1100
-184,1,Ship2,30/12/2023,29/6/2023,47,NSW,M,Yes,Balcony_Bow,750,0.22,585,1100
-184,1,Ship2,30/12/2023,29/6/2023,49,QLD,M,No,Balcony_Bow,750,0.11,667.5,1100
-184,1,Ship2,30/12/2023,29/6/2023,18,SA,F,No,Balcony_Bow,750,0.28,540,1100
-184,1,Ship2,30/12/2023,29/6/2023,71,NT,M,No,Balcony_Bow,750,0.08,690,1100
-184,1,Ship2,30/12/2023,29/6/2023,38,SA,F,No,Balcony_Bow,750,0.39,457.5,1100
-184,1,Ship2,30/12/2023,29/6/2023,59,VIC,F,No,Balcony_Bow,750,0.37,472.5,1100
-183,1,Ship2,30/12/2023,30/6/2023,25,ACT,F,No,Balcony_Bow,750,0.1,675,1100
-183,1,Ship2,30/12/2023,30/6/2023,74,QLD,F,No,Balcony_Bow,750,0.03,727.5,1100
-183,1,Ship2,30/12/2023,30/6/2023,44,QLD,F,No,Balcony_Bow,750,0.06,705,1100
-183,1,Ship2,30/12/2023,30/6/2023,55,SA,F,No,Balcony_Bow,750,0.17,622.5,1100
-183,1,Ship2,30/12/2023,30/6/2023,31,TAS,F,Yes,Balcony_Bow,750,0.31,517.5,1100
-183,1,Ship2,30/12/2023,30/6/2023,64,SA,F,Yes,Balcony_Bow,750,0.1,675,1100
-183,1,Ship2,30/12/2023,30/6/2023,37,NSW,M,No,Balcony_Bow,750,0.37,472.5,1100
-183,1,Ship2,30/12/2023,30/6/2023,42,TAS,F,No,Balcony_Bow,750,0.15,637.5,1100
-183,1,Ship2,30/12/2023,30/6/2023,58,ACT,F,No,Balcony_Bow,750,0.09,682.5,1100
-182,1,Ship2,30/12/2023,1/7/2023,70,QLD,M,No,Balcony_Bow,750,0.03,727.5,1100
-182,1,Ship2,30/12/2023,1/7/2023,80,NSW,F,No,Balcony_Bow,750,0.39,457.5,1100
-182,1,Ship2,30/12/2023,1/7/2023,65,QLD,F,Yes,Balcony_Bow,750,0.24,570,1100
-182,1,Ship2,30/12/2023,1/7/2023,73,TAS,M,Yes,Balcony_Bow,750,0.11,667.5,1100
-182,1,Ship2,30/12/2023,1/7/2023,18,WA,M,Yes,Balcony_Bow,750,0.14,645,1100
-182,1,Ship2,30/12/2023,1/7/2023,18,WA,M,No,Balcony_Bow,750,0.29,532.5,1100
-182,1,Ship2,30/12/2023,1/7/2023,30,WA,F,No,Balcony_Bow,750,0.28,540,1100
-182,1,Ship2,30/12/2023,1/7/2023,80,ACT,M,Yes,Balcony_Bow,750,0.07,697.5,1100
-182,1,Ship2,30/12/2023,1/7/2023,73,ACT,M,No,Balcony_Bow,750,0.33,502.5,1100
-181,1,Ship2,30/12/2023,2/7/2023,19,NT,F,No,Balcony_Bow,750,0.23,577.5,1100
-181,1,Ship2,30/12/2023,2/7/2023,18,VIC,F,Yes,Balcony_Bow,750,0.16,630,1100
-181,1,Ship2,30/12/2023,2/7/2023,37,TAS,M,No,Balcony_Bow,750,0.33,502.5,1100
-181,1,Ship2,30/12/2023,2/7/2023,43,SA,F,No,Balcony_Bow,750,0.37,472.5,1100
-181,1,Ship2,30/12/2023,2/7/2023,61,NT,F,No,Balcony_Bow,750,0.08,690,1100
-181,1,Ship2,30/12/2023,2/7/2023,73,SA,F,Yes,Balcony_Bow,750,0.25,562.5,1100
-181,1,Ship2,30/12/2023,2/7/2023,18,SA,M,No,Balcony_Bow,750,0.18,615,1100
-181,1,Ship2,30/12/2023,2/7/2023,62,TAS,F,No,Balcony_Bow,750,0.27,547.5,1100
-181,1,Ship2,30/12/2023,2/7/2023,80,VIC,F,Yes,Balcony_Bow,750,0.07,697.5,1100
-180,1,Ship2,30/12/2023,3/7/2023,36,SA,F,Yes,Balcony_Bow,750,0.03,727.5,1100
-180,1,Ship2,30/12/2023,3/7/2023,18,ACT,M,Yes,Balcony_Bow,750,0.17,622.5,1100
-180,1,Ship2,30/12/2023,3/7/2023,18,NSW,F,No,Balcony_Bow,750,0.39,457.5,1100
-180,1,Ship2,30/12/2023,3/7/2023,46,VIC,F,No,Balcony_Bow,750,0.28,540,1100
-180,1,Ship2,30/12/2023,3/7/2023,18,WA,M,No,Balcony_Bow,750,0.33,502.5,1100
-180,1,Ship2,30/12/2023,3/7/2023,18,NSW,M,No,Balcony_Bow,750,0.05,712.5,1100
-180,1,Ship2,30/12/2023,3/7/2023,80,NT,M,Yes,Balcony_Bow,750,0.23,577.5,1100
-180,1,Ship2,30/12/2023,3/7/2023,18,QLD,M,Yes,Balcony_Bow,750,0.16,630,1100
-180,1,Ship2,30/12/2023,3/7/2023,32,SA,M,No,Balcony_Bow,750,0.15,637.5,1100
-179,1,Ship2,30/12/2023,4/7/2023,18,VIC,M,No,Balcony_Bow,750,0,750,1100
-179,1,Ship2,30/12/2023,4/7/2023,44,VIC,M,No,Balcony_Bow,750,0.36,480,1100
-179,1,Ship2,30/12/2023,4/7/2023,18,QLD,F,No,Balcony_Bow,750,0.14,645,1100
-179,1,Ship2,30/12/2023,4/7/2023,59,VIC,M,No,Balcony_Bow,750,0.1,675,1100
-179,1,Ship2,30/12/2023,4/7/2023,20,NT,F,Yes,Balcony_Bow,750,0.06,705,1100
-179,1,Ship2,30/12/2023,4/7/2023,80,NT,F,No,Balcony_Bow,750,0.3,525,1100
-179,1,Ship2,30/12/2023,4/7/2023,80,NT,F,Yes,Balcony_Bow,750,0.07,697.5,1100
-179,1,Ship2,30/12/2023,4/7/2023,73,TAS,M,No,Balcony_Bow,750,0.21,592.5,1100
-179,1,Ship2,30/12/2023,4/7/2023,80,TAS,M,No,Balcony_Bow,750,0.22,585,1100
-178,1,Ship2,30/12/2023,5/7/2023,28,WA,M,No,Suites_Mid,900,0.07,837,1100
-178,1,Ship2,30/12/2023,5/7/2023,18,ACT,M,No,Suites_Mid,900,0.32,612,1100
-178,1,Ship2,30/12/2023,5/7/2023,18,SA,F,No,Suites_Mid,900,0.32,612,1100
-178,1,Ship2,30/12/2023,5/7/2023,18,ACT,F,No,Suites_Mid,900,0.05,855,1100
-178,1,Ship2,30/12/2023,5/7/2023,80,NSW,M,Yes,Suites_Mid,900,0.23,693,1100
-178,1,Ship2,30/12/2023,5/7/2023,18,NSW,F,No,Suites_Mid,900,0.16,756,1100
-178,1,Ship2,30/12/2023,5/7/2023,75,VIC,M,No,Suites_Mid,900,0.36,576,1100
-178,1,Ship2,30/12/2023,5/7/2023,18,NT,F,No,Suites_Mid,900,0.05,855,1100
-178,1,Ship2,30/12/2023,5/7/2023,80,NSW,F,No,Suites_Mid,900,0.28,648,1100
-177,1,Ship2,30/12/2023,6/7/2023,71,TAS,M,No,Suites_Mid,900,0.17,747,1100
-177,1,Ship2,30/12/2023,6/7/2023,28,NT,M,Yes,Suites_Mid,900,0.03,873,1100
-177,1,Ship2,30/12/2023,6/7/2023,50,ACT,M,Yes,Suites_Mid,900,0.24,684,1100
-177,1,Ship2,30/12/2023,6/7/2023,80,QLD,M,No,Suites_Mid,900,0.22,702,1100
-177,1,Ship2,30/12/2023,6/7/2023,56,VIC,F,No,Suites_Mid,900,0.08,828,1100
-177,1,Ship2,30/12/2023,6/7/2023,54,TAS,M,No,Suites_Mid,900,0.13,783,1100
-177,1,Ship2,30/12/2023,6/7/2023,18,ACT,M,Yes,Suites_Mid,900,0.06,846,1100
-177,1,Ship2,30/12/2023,6/7/2023,80,TAS,F,No,Suites_Mid,900,0.06,846,1100
-177,1,Ship2,30/12/2023,6/7/2023,47,TAS,M,No,Suites_Mid,900,0.15,765,1100
-176,1,Ship2,30/12/2023,7/7/2023,80,ACT,M,No,Suites_Mid,900,0.31,621,1100
-176,1,Ship2,30/12/2023,7/7/2023,18,TAS,M,No,Suites_Mid,900,0.37,567,1100
-176,1,Ship2,30/12/2023,7/7/2023,80,VIC,M,No,Suites_Mid,900,0.22,702,1100
-176,1,Ship2,30/12/2023,7/7/2023,18,NT,M,No,Suites_Mid,900,0.04,864,1100
-176,1,Ship2,30/12/2023,7/7/2023,80,NSW,F,No,Suites_Mid,900,0.24,684,1100
-176,1,Ship2,30/12/2023,7/7/2023,33,QLD,F,No,Suites_Mid,900,0.37,567,1100
-176,1,Ship2,30/12/2023,7/7/2023,51,WA,F,Yes,Suites_Mid,900,0.13,783,1100
-176,1,Ship2,30/12/2023,7/7/2023,18,SA,F,No,Suites_Mid,900,0.25,675,1100
-176,1,Ship2,30/12/2023,7/7/2023,50,WA,M,No,Suites_Mid,900,0.29,639,1100
-175,1,Ship2,30/12/2023,8/7/2023,29,TAS,M,No,Suites_Mid,900,0.38,558,1100
-175,1,Ship2,30/12/2023,8/7/2023,33,ACT,M,No,Suites_Mid,900,0.05,855,1100
-175,1,Ship2,30/12/2023,8/7/2023,78,NT,F,No,Suites_Mid,900,0.21,711,1100
-175,1,Ship2,30/12/2023,8/7/2023,57,NT,M,No,Suites_Mid,900,0.28,648,1100
-175,1,Ship2,30/12/2023,8/7/2023,18,NSW,F,No,Suites_Mid,900,0.17,747,1100
-175,1,Ship2,30/12/2023,8/7/2023,46,VIC,F,No,Suites_Mid,900,0.07,837,1100
-175,1,Ship2,30/12/2023,8/7/2023,18,TAS,M,No,Suites_Mid,900,0.19,729,1100
-175,1,Ship2,30/12/2023,8/7/2023,80,NSW,M,No,Suites_Mid,900,0.29,639,1100
-175,1,Ship2,30/12/2023,8/7/2023,80,NSW,M,Yes,Suites_Mid,900,0.31,621,1100
-174,1,Ship2,30/12/2023,9/7/2023,50,NT,F,No,Suites_Mid,900,0.32,612,1100
-174,1,Ship2,30/12/2023,9/7/2023,79,NSW,F,No,Suites_Mid,900,0.29,639,1100
-174,1,Ship2,30/12/2023,9/7/2023,27,NSW,F,Yes,Suites_Mid,900,0.24,684,1100
-174,1,Ship2,30/12/2023,9/7/2023,79,NSW,F,Yes,Suites_Mid,900,0.15,765,1100
-174,1,Ship2,30/12/2023,9/7/2023,73,NT,M,No,Suites_Mid,900,0.02,882,1100
-174,1,Ship2,30/12/2023,9/7/2023,21,QLD,F,No,Suites_Mid,900,0.21,711,1100
-174,1,Ship2,30/12/2023,9/7/2023,80,NT,M,Yes,Suites_Mid,900,0.31,621,1100
-174,1,Ship2,30/12/2023,9/7/2023,80,WA,F,Yes,Suites_Mid,900,0.28,648,1100
-174,1,Ship2,30/12/2023,9/7/2023,74,NSW,F,No,Suites_Mid,900,0.37,567,1100
-173,1,Ship2,30/12/2023,10/7/2023,48,TAS,M,No,Suites_Mid,900,0.36,576,1100
-173,1,Ship2,30/12/2023,10/7/2023,59,ACT,M,No,Suites_Mid,900,0.3,630,1100
-173,1,Ship2,30/12/2023,10/7/2023,70,TAS,M,No,Suites_Mid,900,0.33,603,1100
-173,1,Ship2,30/12/2023,10/7/2023,53,SA,M,No,Suites_Mid,900,0.14,774,1100
-173,1,Ship2,30/12/2023,10/7/2023,80,SA,F,Yes,Suites_Mid,900,0.38,558,1100
-173,1,Ship2,30/12/2023,10/7/2023,18,NT,M,No,Suites_Mid,900,0.23,693,1100
-173,1,Ship2,30/12/2023,10/7/2023,44,QLD,M,Yes,Suites_Mid,900,0.17,747,1100
-173,1,Ship2,30/12/2023,10/7/2023,80,TAS,M,Yes,Suites_Mid,900,0.29,639,1100
-172,1,Ship2,30/12/2023,11/7/2023,63,QLD,F,Yes,Suites_Mid,900,0.21,711,1100
-172,1,Ship2,30/12/2023,11/7/2023,18,NT,M,No,Suites_Mid,900,0.03,873,1100
-172,1,Ship2,30/12/2023,11/7/2023,20,TAS,M,No,Suites_Mid,900,0.35,585,1100
-172,1,Ship2,30/12/2023,11/7/2023,18,VIC,F,No,Suites_Mid,900,0.05,855,1100
-172,1,Ship2,30/12/2023,11/7/2023,18,SA,M,No,Suites_Mid,900,0.09,819,1100
-172,1,Ship2,30/12/2023,11/7/2023,80,QLD,M,Yes,Suites_Mid,900,0.2,720,1100
-172,1,Ship2,30/12/2023,11/7/2023,66,NSW,F,No,Suites_Mid,900,0.06,846,1100
-172,1,Ship2,30/12/2023,11/7/2023,55,WA,M,No,Suites_Mid,900,0.34,594,1100
-172,1,Ship2,30/12/2023,11/7/2023,68,TAS,M,No,Suites_Mid,900,0.18,738,1100
-171,1,Ship2,30/12/2023,12/7/2023,80,QLD,M,No,Suites_Mid,900,0.25,675,1100
-171,1,Ship2,30/12/2023,12/7/2023,28,QLD,M,No,Suites_Mid,900,0.31,621,1100
-171,1,Ship2,30/12/2023,12/7/2023,18,VIC,F,No,Suites_Mid,900,0.19,729,1100
-171,1,Ship2,30/12/2023,12/7/2023,36,TAS,M,Yes,Suites_Mid,900,0.08,828,1100
-171,1,Ship2,30/12/2023,12/7/2023,19,TAS,F,No,Suites_Mid,900,0.24,684,1100
-171,1,Ship2,30/12/2023,12/7/2023,63,SA,F,Yes,Suites_Mid,900,0.31,621,1100
-171,1,Ship2,30/12/2023,12/7/2023,63,VIC,M,No,Suites_Mid,900,0.09,819,1100
-171,1,Ship2,30/12/2023,12/7/2023,18,TAS,F,No,Suites_Mid,900,0.32,612,1100
-171,1,Ship2,30/12/2023,12/7/2023,80,NSW,M,No,Suites_Mid,900,0.3,630,1100
-170,1,Ship2,30/12/2023,13/7/2023,63,QLD,F,Yes,Suites_Mid,900,0.18,738,1100
-170,1,Ship2,30/12/2023,13/7/2023,80,NT,M,No,Suites_Mid,900,0.35,585,1100
-170,1,Ship2,30/12/2023,13/7/2023,80,TAS,M,No,Suites_Mid,900,0.13,783,1100
-170,1,Ship2,30/12/2023,13/7/2023,47,NSW,M,No,Suites_Mid,900,0.23,693,1100
-170,1,Ship2,30/12/2023,13/7/2023,45,SA,M,No,Suites_Mid,900,0.19,729,1100
-170,1,Ship2,30/12/2023,13/7/2023,36,NT,F,No,Suites_Mid,900,0.17,747,1100
-170,1,Ship2,30/12/2023,13/7/2023,18,TAS,M,No,Suites_Mid,900,0.36,576,1100
-170,1,Ship2,30/12/2023,13/7/2023,80,ACT,F,No,Suites_Mid,900,0.27,657,1100
-170,1,Ship2,30/12/2023,13/7/2023,45,ACT,F,No,Suites_Mid,900,0.36,576,1100
-169,1,Ship2,30/12/2023,14/7/2023,59,ACT,M,No,Suites_Mid,900,0.25,675,1100
-169,1,Ship2,30/12/2023,14/7/2023,36,WA,M,Yes,Suites_Mid,900,0.37,567,1100
-169,1,Ship2,30/12/2023,14/7/2023,77,TAS,M,Yes,Suites_Mid,900,0.31,621,1100
-169,1,Ship2,30/12/2023,14/7/2023,80,NSW,F,No,Suites_Mid,900,0.1,810,1100
-169,1,Ship2,30/12/2023,14/7/2023,80,SA,F,No,Suites_Mid,900,0.2,720,1100
-169,1,Ship2,30/12/2023,14/7/2023,80,WA,M,No,Suites_Mid,900,0.08,828,1100
-169,1,Ship2,30/12/2023,14/7/2023,18,TAS,F,No,Suites_Mid,900,0.09,819,1100
-169,1,Ship2,30/12/2023,14/7/2023,22,SA,F,No,Suites_Mid,900,0.13,783,1100
-168,1,Ship2,30/12/2023,15/7/2023,33,TAS,F,No,Suites_Aft,1000,0.01,990,1100
-168,1,Ship2,30/12/2023,15/7/2023,41,WA,M,No,Suites_Aft,1000,0.38,620,1100
-168,1,Ship2,30/12/2023,15/7/2023,68,NSW,M,No,Suites_Aft,1000,0.21,790,1100
-168,1,Ship2,30/12/2023,15/7/2023,60,WA,F,No,Suites_Aft,1000,0.06,940,1100
-168,1,Ship2,30/12/2023,15/7/2023,80,NSW,F,Yes,Suites_Aft,1000,0.03,970,1100
-168,1,Ship2,30/12/2023,15/7/2023,55,NSW,M,No,Suites_Aft,1000,0.27,730,1100
-168,1,Ship2,30/12/2023,15/7/2023,80,VIC,M,No,Suites_Aft,1000,0.18,820,1100
-168,1,Ship2,30/12/2023,15/7/2023,80,VIC,F,No,Suites_Aft,1000,0.04,960,1100
-168,1,Ship2,30/12/2023,15/7/2023,55,TAS,M,No,Suites_Aft,1000,0.37,630,1100
-167,1,Ship2,30/12/2023,16/7/2023,19,WA,M,No,Suites_Aft,1000,0.17,830,1100
-167,1,Ship2,30/12/2023,16/7/2023,73,NSW,M,Yes,Suites_Aft,1000,0.15,850,1100
-167,1,Ship2,30/12/2023,16/7/2023,35,SA,F,No,Suites_Aft,1000,0.21,790,1100
-167,1,Ship2,30/12/2023,16/7/2023,61,NSW,M,Yes,Suites_Aft,1000,0.32,680,1100
-167,1,Ship2,30/12/2023,16/7/2023,52,VIC,M,No,Suites_Aft,1000,0.37,630,1100
-167,1,Ship2,30/12/2023,16/7/2023,80,TAS,M,No,Suites_Aft,1000,0.11,890,1100
-167,1,Ship2,30/12/2023,16/7/2023,73,SA,F,No,Suites_Aft,1000,0.37,630,1100
-167,1,Ship2,30/12/2023,16/7/2023,30,SA,M,Yes,Suites_Aft,1000,0,1000,1100
-166,1,Ship2,30/12/2023,17/7/2023,80,VIC,F,Yes,Suites_Aft,1000,0.1,900,1100
-166,1,Ship2,30/12/2023,17/7/2023,46,NT,M,No,Suites_Aft,1000,0.16,840,1100
-166,1,Ship2,30/12/2023,17/7/2023,65,QLD,M,No,Suites_Aft,1000,0.29,710,1100
-166,1,Ship2,30/12/2023,17/7/2023,80,WA,F,No,Suites_Aft,1000,0.02,980,1100
-166,1,Ship2,30/12/2023,17/7/2023,24,VIC,M,Yes,Suites_Aft,1000,0.05,950,1100
-166,1,Ship2,30/12/2023,17/7/2023,72,NSW,F,No,Suites_Aft,1000,0.09,910,1100
-166,1,Ship2,30/12/2023,17/7/2023,18,WA,F,No,Suites_Aft,1000,0.08,920,1100
-166,1,Ship2,30/12/2023,17/7/2023,18,NT,F,Yes,Suites_Aft,1000,0.11,890,1100
-166,1,Ship2,30/12/2023,17/7/2023,52,WA,M,Yes,Suites_Aft,1000,0.31,690,1100
-165,1,Ship2,30/12/2023,18/7/2023,18,SA,F,No,Suites_Aft,1000,0.39,610,1100
-165,1,Ship2,30/12/2023,18/7/2023,80,NSW,M,No,Suites_Aft,1000,0.29,710,1100
-165,1,Ship2,30/12/2023,18/7/2023,18,ACT,M,No,Suites_Aft,1000,0.04,960,1100
-165,1,Ship2,30/12/2023,18/7/2023,32,NT,M,No,Suites_Aft,1000,0.29,710,1100
-165,1,Ship2,30/12/2023,18/7/2023,56,VIC,F,Yes,Suites_Aft,1000,0.25,750,1100
-165,1,Ship2,30/12/2023,18/7/2023,18,SA,F,No,Suites_Aft,1000,0.39,610,1100
-165,1,Ship2,30/12/2023,18/7/2023,80,SA,M,No,Suites_Aft,1000,0,1000,1100
-165,1,Ship2,30/12/2023,18/7/2023,35,ACT,M,No,Suites_Aft,1000,0.26,740,1100
-164,1,Ship2,30/12/2023,19/7/2023,80,WA,M,No,Suites_Aft,1000,0.24,760,1100
-164,1,Ship2,30/12/2023,19/7/2023,32,WA,M,Yes,Suites_Aft,1000,0.06,940,1100
-164,1,Ship2,30/12/2023,19/7/2023,68,VIC,M,Yes,Suites_Aft,1000,0.09,910,1100
-164,1,Ship2,30/12/2023,19/7/2023,46,ACT,M,Yes,Suites_Aft,1000,0.08,920,1100
-164,1,Ship2,30/12/2023,19/7/2023,45,NT,M,Yes,Suites_Aft,1000,0.05,950,1100
-164,1,Ship2,30/12/2023,19/7/2023,60,VIC,F,Yes,Suites_Aft,1000,0.23,770,1100
-164,1,Ship2,30/12/2023,19/7/2023,45,WA,M,No,Suites_Aft,1000,0.04,960,1100
-164,1,Ship2,30/12/2023,19/7/2023,80,ACT,F,No,Suites_Aft,1000,0.22,780,1100
-163,1,Ship2,30/12/2023,20/7/2023,18,QLD,M,No,Suites_Aft,1000,0.02,980,1100
-163,1,Ship2,30/12/2023,20/7/2023,76,QLD,M,No,Suites_Aft,1000,0.25,750,1100
-163,1,Ship2,30/12/2023,20/7/2023,69,ACT,M,Yes,Suites_Aft,1000,0.27,730,1100
-163,1,Ship2,30/12/2023,20/7/2023,31,QLD,M,No,Suites_Aft,1000,0.24,760,1100
-163,1,Ship2,30/12/2023,20/7/2023,63,TAS,M,Yes,Suites_Aft,1000,0.33,670,1100
-163,1,Ship2,30/12/2023,20/7/2023,27,SA,F,No,Suites_Aft,1000,0.27,730,1100
-163,1,Ship2,30/12/2023,20/7/2023,62,NT,M,Yes,Suites_Aft,1000,0.12,880,1100
-163,1,Ship2,30/12/2023,20/7/2023,20,TAS,M,Yes,Suites_Aft,1000,0.17,830,1100
-163,1,Ship2,30/12/2023,20/7/2023,70,QLD,F,No,Suites_Aft,1000,0.1,900,1100
-162,1,Ship2,30/12/2023,21/7/2023,49,TAS,F,No,Suites_Aft,1000,0.14,860,1100
-162,1,Ship2,30/12/2023,21/7/2023,55,NT,M,No,Suites_Aft,1000,0.36,640,1100
-162,1,Ship2,30/12/2023,21/7/2023,18,SA,M,No,Suites_Aft,1000,0.22,780,1100
-162,1,Ship2,30/12/2023,21/7/2023,38,WA,M,No,Suites_Aft,1000,0.31,690,1100
-162,1,Ship2,30/12/2023,21/7/2023,48,SA,M,No,Suites_Aft,1000,0.35,650,1100
-162,1,Ship2,30/12/2023,21/7/2023,18,TAS,F,Yes,Suites_Aft,1000,0.36,640,1100
-162,1,Ship2,30/12/2023,21/7/2023,66,ACT,M,Yes,Suites_Aft,1000,0.2,800,1100
-162,1,Ship2,30/12/2023,21/7/2023,36,WA,M,No,Suites_Aft,1000,0.38,620,1100
-161,1,Ship2,30/12/2023,22/7/2023,23,VIC,M,Yes,Suites_Aft,1000,0.27,730,1100
-161,1,Ship2,30/12/2023,22/7/2023,18,ACT,M,No,Suites_Aft,1000,0.23,770,1100
-161,1,Ship2,30/12/2023,22/7/2023,44,SA,M,No,Suites_Aft,1000,0.31,690,1100
-161,1,Ship2,30/12/2023,22/7/2023,55,NT,M,No,Suites_Aft,1000,0.17,830,1100
-161,1,Ship2,30/12/2023,22/7/2023,20,TAS,M,Yes,Suites_Aft,1000,0.29,710,1100
-161,1,Ship2,30/12/2023,22/7/2023,41,WA,F,Yes,Suites_Aft,1000,0.15,850,1100
-161,1,Ship2,30/12/2023,22/7/2023,80,VIC,M,No,Suites_Aft,1000,0.02,980,1100
-161,1,Ship2,30/12/2023,22/7/2023,35,WA,F,No,Suites_Aft,1000,0.37,630,1100
-160,1,Ship2,30/12/2023,23/7/2023,46,WA,F,No,Suites_Aft,1000,0.03,970,1100
-160,1,Ship2,30/12/2023,23/7/2023,27,TAS,M,No,Suites_Aft,1000,0.01,990,1100
-160,1,Ship2,30/12/2023,23/7/2023,80,NT,F,No,Suites_Aft,1000,0.23,770,1100
-160,1,Ship2,30/12/2023,23/7/2023,80,TAS,M,No,Suites_Aft,1000,0.2,800,1100
-160,1,Ship2,30/12/2023,23/7/2023,80,VIC,M,Yes,Suites_Aft,1000,0.09,910,1100
-160,1,Ship2,30/12/2023,23/7/2023,65,ACT,M,No,Suites_Aft,1000,0.33,670,1100
-160,1,Ship2,30/12/2023,23/7/2023,24,SA,M,No,Suites_Aft,1000,0.3,700,1100
-160,1,Ship2,30/12/2023,23/7/2023,80,ACT,F,No,Suites_Aft,1000,0.06,940,1100
-159,1,Ship2,30/12/2023,24/7/2023,80,NT,F,No,Suites_Aft,1000,0.08,920,1100
-159,1,Ship2,30/12/2023,24/7/2023,73,NT,M,No,Suites_Aft,1000,0.34,660,1100
-159,1,Ship2,30/12/2023,24/7/2023,52,SA,M,No,Suites_Aft,1000,0.13,870,1100
-159,1,Ship2,30/12/2023,24/7/2023,79,WA,F,Yes,Suites_Aft,1000,0.39,610,1100
-159,1,Ship2,30/12/2023,24/7/2023,22,VIC,M,No,Suites_Aft,1000,0.27,730,1100
-159,1,Ship2,30/12/2023,24/7/2023,29,ACT,F,No,Suites_Aft,1000,0.06,940,1100
-159,1,Ship2,30/12/2023,24/7/2023,45,TAS,M,Yes,Suites_Aft,1000,0.05,950,1100
-159,1,Ship2,30/12/2023,24/7/2023,18,VIC,M,Yes,Suites_Aft,1000,0.17,830,1100
-158,1,Ship2,30/12/2023,25/7/2023,80,VIC,F,Yes,Suites_Aft,1000,0.37,630,1100
-158,1,Ship2,30/12/2023,25/7/2023,18,WA,M,Yes,Suites_Aft,1000,0.24,760,1100
-158,1,Ship2,30/12/2023,25/7/2023,53,SA,M,No,Suites_Aft,1000,0.39,610,1100
-158,1,Ship2,30/12/2023,25/7/2023,80,ACT,F,No,Suites_Aft,1000,0.36,640,1100
-158,1,Ship2,30/12/2023,25/7/2023,35,QLD,M,Yes,Suites_Aft,1000,0.27,730,1100
-158,1,Ship2,30/12/2023,25/7/2023,31,TAS,F,No,Suites_Bow,1100,0.03,1067,1100
-158,1,Ship2,30/12/2023,25/7/2023,18,NT,M,Yes,Suites_Bow,1100,0.23,847,1100
-157,1,Ship2,30/12/2023,26/7/2023,18,QLD,M,Yes,Suites_Bow,1100,0.19,891,1100
-157,1,Ship2,30/12/2023,26/7/2023,23,NSW,F,No,Suites_Bow,1100,0.27,803,1100
-157,1,Ship2,30/12/2023,26/7/2023,40,SA,F,No,Suites_Bow,1100,0.21,869,1100
-157,1,Ship2,30/12/2023,26/7/2023,18,QLD,M,Yes,Suites_Bow,1100,0.06,1034,1100
-157,1,Ship2,30/12/2023,26/7/2023,18,SA,M,No,Suites_Bow,1100,0.02,1078,1100
-157,1,Ship2,30/12/2023,26/7/2023,45,WA,M,Yes,Suites_Bow,1100,0.26,814,1100
-157,1,Ship2,30/12/2023,26/7/2023,31,NT,M,Yes,Suites_Bow,1100,0.24,836,1100
-157,1,Ship2,30/12/2023,26/7/2023,80,SA,F,No,Suites_Bow,1100,0.11,979,1100
-156,1,Ship2,30/12/2023,27/7/2023,69,NSW,M,No,Suites_Bow,1100,0,1100,1100
-156,1,Ship2,30/12/2023,27/7/2023,80,WA,F,Yes,Suites_Bow,1100,0.11,979,1100
-156,1,Ship2,30/12/2023,27/7/2023,18,VIC,M,No,Suites_Bow,1100,0.03,1067,1100
-156,1,Ship2,30/12/2023,27/7/2023,80,VIC,M,No,Suites_Bow,1100,0.16,924,1100
-156,1,Ship2,30/12/2023,27/7/2023,44,QLD,F,No,Suites_Bow,1100,0.1,990,1100
-156,1,Ship2,30/12/2023,27/7/2023,18,QLD,M,No,Suites_Bow,1100,0.29,781,1100
-156,1,Ship2,30/12/2023,27/7/2023,80,WA,M,Yes,Suites_Bow,1100,0.22,858,1100
-156,1,Ship2,30/12/2023,27/7/2023,38,NT,M,No,Suites_Bow,1100,0.24,836,1100
-155,1,Ship2,30/12/2023,28/7/2023,72,NT,M,No,Suites_Bow,1100,0.04,1056,1100
-155,1,Ship2,30/12/2023,28/7/2023,18,NT,F,Yes,Suites_Bow,1100,0.16,924,1100
-155,1,Ship2,30/12/2023,28/7/2023,18,QLD,M,No,Suites_Bow,1100,0.33,737,1100
-155,1,Ship2,30/12/2023,28/7/2023,61,WA,F,Yes,Suites_Bow,1100,0.34,726,1100
-155,1,Ship2,30/12/2023,28/7/2023,80,VIC,M,Yes,Suites_Bow,1100,0.16,924,1100
-155,1,Ship2,30/12/2023,28/7/2023,28,TAS,M,No,Suites_Bow,1100,0.13,957,1100
-155,1,Ship2,30/12/2023,28/7/2023,38,NT,M,Yes,Suites_Bow,1100,0,1100,1100
-154,1,Ship2,30/12/2023,29/7/2023,57,WA,M,No,Suites_Bow,1100,0.19,891,1100
-154,1,Ship2,30/12/2023,29/7/2023,25,NSW,F,Yes,Suites_Bow,1100,0.13,957,1100
-154,1,Ship2,30/12/2023,29/7/2023,30,SA,M,Yes,Suites_Bow,1100,0.38,682,1100
-154,1,Ship2,30/12/2023,29/7/2023,18,VIC,M,Yes,Suites_Bow,1100,0.19,891,1100
-154,1,Ship2,30/12/2023,29/7/2023,22,QLD,M,No,Suites_Bow,1100,0.06,1034,1100
-154,1,Ship2,30/12/2023,29/7/2023,80,NSW,M,No,Suites_Bow,1100,0.29,781,1100
-154,1,Ship2,30/12/2023,29/7/2023,73,NSW,M,No,Suites_Bow,1100,0.05,1045,1100
-153,1,Ship2,30/12/2023,30/7/2023,80,WA,M,No,Suites_Bow,1100,0.32,748,1100
-153,1,Ship2,30/12/2023,30/7/2023,73,QLD,F,No,Suites_Bow,1100,0.15,935,1100
-153,1,Ship2,30/12/2023,30/7/2023,18,VIC,M,No,Suites_Bow,1100,0.11,979,1100
-153,1,Ship2,30/12/2023,30/7/2023,21,WA,M,No,Suites_Bow,1100,0.25,825,1100
-153,1,Ship2,30/12/2023,30/7/2023,72,NSW,F,Yes,Suites_Bow,1100,0,1100,1100
-153,1,Ship2,30/12/2023,30/7/2023,74,QLD,F,Yes,Suites_Bow,1100,0.39,671,1100
-153,1,Ship2,30/12/2023,30/7/2023,31,NSW,M,No,Suites_Bow,1100,0.08,1012,1100
-153,1,Ship2,30/12/2023,30/7/2023,80,NT,F,Yes,Suites_Bow,1100,0.22,858,1100
-152,1,Ship2,30/12/2023,31/7/2023,42,WA,M,No,Suites_Bow,1100,0.01,1089,1100
-152,1,Ship2,30/12/2023,31/7/2023,54,VIC,M,No,Suites_Bow,1100,0.21,869,1100
-152,1,Ship2,30/12/2023,31/7/2023,80,QLD,M,No,Suites_Bow,1100,0.19,891,1100
-152,1,Ship2,30/12/2023,31/7/2023,18,TAS,M,No,Suites_Bow,1100,0.18,902,1100
-152,1,Ship2,30/12/2023,31/7/2023,34,VIC,M,No,Suites_Bow,1100,0.25,825,1100
-152,1,Ship2,30/12/2023,31/7/2023,58,QLD,F,Yes,Suites_Bow,1100,0.37,693,1100
-152,1,Ship2,30/12/2023,31/7/2023,20,NSW,M,Yes,Suites_Bow,1100,0.11,979,1100
-151,1,Ship2,30/12/2023,1/8/2023,80,ACT,F,No,Suites_Bow,1100,0.26,814,1100
-151,1,Ship2,30/12/2023,1/8/2023,80,QLD,M,No,Suites_Bow,1100,0.18,902,1100
-151,1,Ship2,30/12/2023,1/8/2023,18,QLD,M,No,Suites_Bow,1100,0.02,1078,1100
-151,1,Ship2,30/12/2023,1/8/2023,45,QLD,M,Yes,Suites_Bow,1100,0.39,671,1100
-151,1,Ship2,30/12/2023,1/8/2023,50,VIC,F,Yes,Suites_Bow,1100,0.02,1078,1100
-151,1,Ship2,30/12/2023,1/8/2023,80,QLD,F,No,Suites_Bow,1100,0.23,847,1100
-151,1,Ship2,30/12/2023,1/8/2023,70,WA,F,No,Suites_Bow,1100,0.01,1089,1100
-150,1,Ship2,30/12/2023,2/8/2023,80,NSW,F,No,Suites_Bow,1100,0.15,935,1100
-150,1,Ship2,30/12/2023,2/8/2023,76,NT,M,No,Suites_Bow,1100,0.38,682,1100
-150,1,Ship2,30/12/2023,2/8/2023,80,NSW,F,No,Suites_Bow,1100,0.35,715,1100
-150,1,Ship2,30/12/2023,2/8/2023,18,NSW,F,Yes,Suites_Bow,1100,0.18,902,1100
-150,1,Ship2,30/12/2023,2/8/2023,18,WA,F,No,Suites_Bow,1100,0.17,913,1100
-150,1,Ship2,30/12/2023,2/8/2023,36,NT,M,No,Suites_Bow,1100,0.2,880,1100
-150,1,Ship2,30/12/2023,2/8/2023,80,VIC,M,No,Suites_Bow,1100,0.21,869,1100
-149,1,Ship2,30/12/2023,3/8/2023,18,TAS,M,Yes,Suites_Bow,1100,0.21,869,1100
-149,1,Ship2,30/12/2023,3/8/2023,80,SA,F,No,Suites_Bow,1100,0.3,770,1100
-149,1,Ship2,30/12/2023,3/8/2023,75,NSW,M,No,Suites_Bow,1100,0.26,814,1100
-149,1,Ship2,30/12/2023,3/8/2023,57,NSW,M,Yes,Suites_Bow,1100,0.19,891,1100
-149,1,Ship2,30/12/2023,3/8/2023,24,SA,M,Yes,Suites_Bow,1100,0.16,924,1100
-149,1,Ship2,30/12/2023,3/8/2023,75,TAS,M,No,Suites_Bow,1100,0.26,814,1100
-149,1,Ship2,30/12/2023,3/8/2023,18,NSW,M,No,Suites_Bow,1100,0.06,1034,1100
-148,1,Ship2,30/12/2023,4/8/2023,37,ACT,F,No,Suites_Bow,1100,0.27,803,1100
-148,1,Ship2,30/12/2023,4/8/2023,18,TAS,M,Yes,Suites_Bow,1100,0.32,748,1100
-148,1,Ship2,30/12/2023,4/8/2023,65,NSW,F,No,Suites_Bow,1100,0.38,682,1100
-148,1,Ship2,30/12/2023,4/8/2023,18,VIC,F,No,Suites_Bow,1100,0.28,792,1100
-148,1,Ship2,30/12/2023,4/8/2023,18,NSW,M,Yes,Suites_Bow,1100,0.2,880,1100
-148,1,Ship2,30/12/2023,4/8/2023,52,SA,F,No,Suites_Bow,1100,0.35,715,1100
-147,1,Ship2,30/12/2023,5/8/2023,80,VIC,F,No,Suites_Bow,1100,0.28,792,1100
-147,1,Ship2,30/12/2023,5/8/2023,80,ACT,M,No,Suites_Bow,1100,0.06,1034,1100
-147,1,Ship2,30/12/2023,5/8/2023,18,VIC,F,No,Suites_Bow,1100,0.17,913,1100
-147,1,Ship2,30/12/2023,5/8/2023,18,NSW,M,No,Suites_Bow,1100,0.03,1067,1100
-147,1,Ship2,30/12/2023,5/8/2023,80,WA,M,No,Suites_Bow,1100,0.21,869,1100
-147,1,Ship2,30/12/2023,5/8/2023,42,NSW,M,No,Suites_Bow,1100,0.04,1056,1100
-147,1,Ship2,30/12/2023,5/8/2023,80,NSW,M,Yes,Suites_Bow,1100,0.05,1045,1100
-146,1,Ship2,30/12/2023,6/8/2023,18,WA,F,No,Suites_Bow,1100,0.15,935,1100
-146,1,Ship2,30/12/2023,6/8/2023,80,QLD,M,No,Suites_Bow,1100,0.01,1089,1100
-146,1,Ship2,30/12/2023,6/8/2023,54,NSW,M,No,Suites_Bow,1100,0.36,704,1100
-146,1,Ship2,30/12/2023,6/8/2023,80,SA,F,Yes,Suites_Bow,1100,0.38,682,1100
-146,1,Ship2,30/12/2023,6/8/2023,38,VIC,F,No,Suites_Bow,1100,0.36,704,1100
-146,1,Ship2,30/12/2023,6/8/2023,80,VIC,M,Yes,Suites_Bow,1100,0.32,748,1100
-145,1,Ship2,30/12/2023,7/8/2023,26,TAS,M,No,Suites_Bow,1100,0.36,704,1100
-145,1,Ship2,30/12/2023,7/8/2023,60,VIC,M,No,OceanView_Mid,1500,0.1,1350,1100
-145,1,Ship2,30/12/2023,7/8/2023,60,QLD,M,No,OceanView_Mid,1500,0.14,1290,1100
-145,1,Ship2,30/12/2023,7/8/2023,72,QLD,M,No,OceanView_Mid,1500,0.17,1245,1100
-145,1,Ship2,30/12/2023,7/8/2023,61,ACT,F,No,OceanView_Mid,1500,0.16,1260,1100
-145,1,Ship2,30/12/2023,7/8/2023,18,ACT,M,No,OceanView_Mid,1500,0.06,1410,1100
-145,1,Ship2,30/12/2023,7/8/2023,22,WA,M,Yes,OceanView_Mid,1500,0.25,1125,1100
-144,1,Ship2,30/12/2023,8/8/2023,55,WA,F,No,OceanView_Mid,1500,0.04,1440,1100
-144,1,Ship2,30/12/2023,8/8/2023,18,SA,M,No,OceanView_Mid,1500,0.16,1260,1100
-144,1,Ship2,30/12/2023,8/8/2023,33,VIC,M,Yes,OceanView_Mid,1500,0.37,945,1100
-144,1,Ship2,30/12/2023,8/8/2023,41,ACT,F,Yes,OceanView_Mid,1500,0.13,1305,1100
-144,1,Ship2,30/12/2023,8/8/2023,18,NT,F,No,OceanView_Mid,1500,0.22,1170,1100
-144,1,Ship2,30/12/2023,8/8/2023,18,VIC,F,No,OceanView_Mid,1500,0.26,1110,1100
-143,1,Ship2,30/12/2023,9/8/2023,36,NT,M,Yes,OceanView_Mid,1500,0.24,1140,1100
-143,1,Ship2,30/12/2023,9/8/2023,75,WA,M,No,OceanView_Mid,1500,0.28,1080,1100
-143,1,Ship2,30/12/2023,9/8/2023,70,NSW,M,Yes,OceanView_Mid,1500,0.01,1485,1100
-143,1,Ship2,30/12/2023,9/8/2023,54,SA,F,No,OceanView_Mid,1500,0.23,1155,1100
-143,1,Ship2,30/12/2023,9/8/2023,18,ACT,M,No,OceanView_Mid,1500,0.05,1425,1100
-143,1,Ship2,30/12/2023,9/8/2023,18,SA,M,No,OceanView_Mid,1500,0.33,1005,1100
-142,1,Ship2,30/12/2023,10/8/2023,26,NT,M,Yes,OceanView_Mid,1500,0.15,1275,1100
-142,1,Ship2,30/12/2023,10/8/2023,26,NT,F,No,OceanView_Mid,1500,0.3,1050,1100
-142,1,Ship2,30/12/2023,10/8/2023,18,NT,M,Yes,OceanView_Mid,1500,0,1500,1100
-142,1,Ship2,30/12/2023,10/8/2023,53,NSW,M,Yes,OceanView_Mid,1500,0.28,1080,1100
-142,1,Ship2,30/12/2023,10/8/2023,80,VIC,M,No,OceanView_Mid,1500,0.08,1380,1100
-142,1,Ship2,30/12/2023,10/8/2023,25,SA,F,No,OceanView_Mid,1500,0.35,975,1100
-141,1,Ship2,30/12/2023,11/8/2023,72,VIC,M,No,OceanView_Mid,1500,0.19,1215,1100
-141,1,Ship2,30/12/2023,11/8/2023,43,TAS,F,No,OceanView_Mid,1500,0.27,1095,1100
-141,1,Ship2,30/12/2023,11/8/2023,21,SA,M,No,OceanView_Mid,1500,0.25,1125,1100
-141,1,Ship2,30/12/2023,11/8/2023,44,ACT,M,No,OceanView_Mid,1500,0.31,1035,1100
-141,1,Ship2,30/12/2023,11/8/2023,32,NSW,M,No,OceanView_Mid,1500,0.07,1395,1100
-141,1,Ship2,30/12/2023,11/8/2023,80,NSW,F,No,OceanView_Mid,1500,0.19,1215,1100
-140,1,Ship2,30/12/2023,12/8/2023,51,WA,F,No,OceanView_Mid,1500,0.37,945,1100
-140,1,Ship2,30/12/2023,12/8/2023,80,SA,M,No,OceanView_Mid,1500,0.28,1080,1100
-140,1,Ship2,30/12/2023,12/8/2023,77,NSW,F,Yes,OceanView_Mid,1500,0.37,945,1100
-140,1,Ship2,30/12/2023,12/8/2023,48,QLD,F,Yes,OceanView_Mid,1500,0.23,1155,1100
-140,1,Ship2,30/12/2023,12/8/2023,18,SA,M,No,OceanView_Mid,1500,0.27,1095,1100
-140,1,Ship2,30/12/2023,12/8/2023,30,WA,F,Yes,OceanView_Mid,1500,0.05,1425,1100
-139,1,Ship2,30/12/2023,13/8/2023,18,ACT,F,No,OceanView_Mid,1500,0.36,960,1100
-139,1,Ship2,30/12/2023,13/8/2023,19,WA,F,Yes,OceanView_Mid,1500,0.07,1395,1100
-139,1,Ship2,30/12/2023,13/8/2023,18,NT,M,Yes,OceanView_Mid,1500,0.21,1185,1100
-139,1,Ship2,30/12/2023,13/8/2023,39,NSW,M,Yes,OceanView_Mid,1500,0.39,915,1100
-139,1,Ship2,30/12/2023,13/8/2023,79,TAS,M,No,OceanView_Mid,1500,0.14,1290,1100
-139,1,Ship2,30/12/2023,13/8/2023,30,QLD,M,Yes,OceanView_Mid,1500,0.24,1140,1100
-138,1,Ship2,30/12/2023,14/8/2023,33,ACT,M,No,OceanView_Mid,1500,0.05,1425,1100
-138,1,Ship2,30/12/2023,14/8/2023,80,WA,F,No,OceanView_Mid,1500,0.12,1320,1100
-138,1,Ship2,30/12/2023,14/8/2023,30,NT,F,No,OceanView_Mid,1500,0.22,1170,1100
-138,1,Ship2,30/12/2023,14/8/2023,80,QLD,F,No,OceanView_Mid,1500,0.12,1320,1100
-138,1,Ship2,30/12/2023,14/8/2023,73,TAS,M,Yes,OceanView_Mid,1500,0.1,1350,1100
-137,1,Ship2,30/12/2023,15/8/2023,63,NT,M,No,OceanView_Mid,1500,0.25,1125,1100
-137,1,Ship2,30/12/2023,15/8/2023,29,QLD,M,No,OceanView_Mid,1500,0.12,1320,1100
-137,1,Ship2,30/12/2023,15/8/2023,18,NSW,F,No,OceanView_Mid,1500,0.09,1365,1100
-137,1,Ship2,30/12/2023,15/8/2023,18,NSW,F,Yes,OceanView_Mid,1500,0.04,1440,1100
-137,1,Ship2,30/12/2023,15/8/2023,18,QLD,F,No,OceanView_Mid,1500,0.05,1425,1100
-137,1,Ship2,30/12/2023,15/8/2023,43,NSW,M,No,OceanView_Mid,1500,0.21,1185,1100
-136,1,Ship2,30/12/2023,16/8/2023,39,SA,F,No,OceanView_Mid,1500,0.2,1200,1100
-136,1,Ship2,30/12/2023,16/8/2023,29,TAS,F,No,OceanView_Mid,1500,0.25,1125,1100
-136,1,Ship2,30/12/2023,16/8/2023,37,TAS,F,No,OceanView_Aft,1800,0.23,1386,1100
-136,1,Ship2,30/12/2023,16/8/2023,80,VIC,F,Yes,OceanView_Aft,1800,0.32,1224,1100
-136,1,Ship2,30/12/2023,16/8/2023,38,NT,M,No,OceanView_Aft,1800,0.08,1656,1100
-135,1,Ship2,30/12/2023,17/8/2023,71,TAS,M,No,OceanView_Aft,1800,0.06,1692,1100
-135,1,Ship2,30/12/2023,17/8/2023,73,TAS,M,Yes,OceanView_Aft,1800,0.2,1440,1100
-135,1,Ship2,30/12/2023,17/8/2023,59,TAS,M,Yes,OceanView_Aft,1800,0.31,1242,1100
-135,1,Ship2,30/12/2023,17/8/2023,80,ACT,M,No,OceanView_Aft,1800,0.32,1224,1100
-135,1,Ship2,30/12/2023,17/8/2023,51,NSW,F,No,OceanView_Aft,1800,0.38,1116,1100
-134,1,Ship2,30/12/2023,18/8/2023,80,ACT,F,No,OceanView_Aft,1800,0.15,1530,1100
-134,1,Ship2,30/12/2023,18/8/2023,80,ACT,M,No,OceanView_Aft,1800,0.12,1584,1100
-134,1,Ship2,30/12/2023,18/8/2023,44,VIC,M,No,OceanView_Aft,1800,0,1800,1100
-134,1,Ship2,30/12/2023,18/8/2023,18,NT,M,No,OceanView_Aft,1800,0.34,1188,1100
-134,1,Ship2,30/12/2023,18/8/2023,80,WA,F,No,OceanView_Aft,1800,0.36,1152,1100
-133,1,Ship2,30/12/2023,19/8/2023,61,WA,M,No,OceanView_Aft,1800,0.2,1440,1100
-133,1,Ship2,30/12/2023,19/8/2023,56,NT,M,No,OceanView_Aft,1800,0.27,1314,1100
-133,1,Ship2,30/12/2023,19/8/2023,71,WA,M,No,OceanView_Aft,1800,0.02,1764,1100
-133,1,Ship2,30/12/2023,19/8/2023,80,TAS,F,No,OceanView_Aft,1800,0.36,1152,1100
-133,1,Ship2,30/12/2023,19/8/2023,18,QLD,F,No,OceanView_Aft,1800,0.13,1566,1100
-132,1,Ship2,30/12/2023,20/8/2023,29,TAS,M,No,OceanView_Aft,1800,0.08,1656,1100
-132,1,Ship2,30/12/2023,20/8/2023,80,ACT,M,Yes,OceanView_Aft,1800,0.14,1548,1100
-132,1,Ship2,30/12/2023,20/8/2023,18,NT,M,Yes,OceanView_Aft,1800,0.28,1296,1100
-132,1,Ship2,30/12/2023,20/8/2023,18,SA,M,No,OceanView_Aft,1800,0.13,1566,1100
-132,1,Ship2,30/12/2023,20/8/2023,80,NT,F,No,OceanView_Aft,1800,0.31,1242,1100
-131,1,Ship2,30/12/2023,21/8/2023,43,NT,M,Yes,OceanView_Aft,1800,0.1,1620,1100
-131,1,Ship2,30/12/2023,21/8/2023,80,NT,F,Yes,OceanView_Aft,1800,0.39,1098,1100
-131,1,Ship2,30/12/2023,21/8/2023,80,QLD,M,No,OceanView_Aft,1800,0.01,1782,1100
-131,1,Ship2,30/12/2023,21/8/2023,45,SA,M,No,OceanView_Aft,1800,0.29,1278,1100
-131,1,Ship2,30/12/2023,21/8/2023,29,NSW,M,Yes,OceanView_Aft,1800,0.13,1566,1100
-130,1,Ship2,30/12/2023,22/8/2023,35,TAS,F,No,OceanView_Aft,1800,0.33,1206,1100
-130,1,Ship2,30/12/2023,22/8/2023,77,NSW,M,No,OceanView_Aft,1800,0.23,1386,1100
-130,1,Ship2,30/12/2023,22/8/2023,80,ACT,F,No,OceanView_Aft,1800,0.04,1728,1100
-130,1,Ship2,30/12/2023,22/8/2023,67,QLD,M,No,OceanView_Aft,1800,0.27,1314,1100
-130,1,Ship2,30/12/2023,22/8/2023,55,TAS,F,No,OceanView_Aft,1800,0.01,1782,1100
-129,1,Ship2,30/12/2023,23/8/2023,36,QLD,M,No,OceanView_Aft,1800,0.18,1476,1100
-129,1,Ship2,30/12/2023,23/8/2023,49,SA,M,Yes,OceanView_Aft,1800,0.39,1098,1100
-129,1,Ship2,30/12/2023,23/8/2023,18,NT,F,Yes,OceanView_Aft,1800,0.02,1764,1100
-129,1,Ship2,30/12/2023,23/8/2023,63,VIC,M,No,OceanView_Aft,1800,0.09,1638,1100
-128,1,Ship2,30/12/2023,24/8/2023,80,TAS,M,No,OceanView_Aft,1800,0.2,1440,1100
-128,1,Ship2,30/12/2023,24/8/2023,34,VIC,F,No,OceanView_Aft,1800,0.35,1170,1100
-128,1,Ship2,30/12/2023,24/8/2023,69,NSW,F,Yes,OceanView_Aft,1800,0.34,1188,1100
-128,1,Ship2,30/12/2023,24/8/2023,61,SA,F,No,OceanView_Aft,1800,0.36,1152,1100
-128,1,Ship2,30/12/2023,24/8/2023,36,QLD,F,Yes,OceanView_Aft,1800,0.25,1350,1100
-127,1,Ship2,30/12/2023,25/8/2023,30,NT,M,No,OceanView_Aft,1800,0.22,1404,1100
-127,1,Ship2,30/12/2023,25/8/2023,66,SA,M,No,OceanView_Aft,1800,0.29,1278,1100
-127,1,Ship2,30/12/2023,25/8/2023,24,TAS,M,No,OceanView_Aft,1800,0.24,1368,1100
-127,1,Ship2,30/12/2023,25/8/2023,28,ACT,F,No,OceanView_Aft,1800,0.07,1674,1100
-126,1,Ship2,30/12/2023,26/8/2023,49,TAS,F,No,OceanView_Aft,1800,0.27,1314,1100
-126,1,Ship2,30/12/2023,26/8/2023,80,ACT,M,No,OceanView_Aft,1800,0.11,1602,1100
-126,1,Ship2,30/12/2023,26/8/2023,47,TAS,F,No,OceanView_Aft,1800,0.06,1692,1100
-126,1,Ship2,30/12/2023,26/8/2023,57,SA,M,Yes,OceanView_Aft,1800,0.23,1386,1100
-125,1,Ship2,30/12/2023,27/8/2023,73,TAS,F,No,OceanView_Aft,1800,0.28,1296,1100
-125,1,Ship2,30/12/2023,27/8/2023,37,NT,M,No,OceanView_Aft,1800,0.2,1440,1100
-125,1,Ship2,30/12/2023,27/8/2023,21,WA,M,No,OceanView_Aft,1800,0.29,1278,1100
-125,1,Ship2,30/12/2023,27/8/2023,33,SA,M,Yes,OceanView_Aft,1800,0.22,1404,1100
-124,1,Ship2,30/12/2023,28/8/2023,49,NSW,M,No,OceanView_Aft,1800,0.24,1368,1100
-124,1,Ship2,30/12/2023,28/8/2023,18,NT,F,No,OceanView_Bow,2100,0.32,1428,1100
-124,1,Ship2,30/12/2023,28/8/2023,58,VIC,F,Yes,OceanView_Bow,2100,0.37,1323,1100
-124,1,Ship2,30/12/2023,28/8/2023,80,TAS,F,Yes,OceanView_Bow,2100,0,2100,1100
-123,1,Ship2,30/12/2023,29/8/2023,49,QLD,M,Yes,OceanView_Bow,2100,0.34,1386,1100
-123,1,Ship2,30/12/2023,29/8/2023,18,ACT,F,Yes,OceanView_Bow,2100,0.28,1512,1100
-123,1,Ship2,30/12/2023,29/8/2023,18,SA,F,Yes,OceanView_Bow,2100,0.13,1827,1100
-123,1,Ship2,30/12/2023,29/8/2023,18,SA,M,No,OceanView_Bow,2100,0.16,1764,1100
-122,1,Ship2,30/12/2023,30/8/2023,19,QLD,M,No,OceanView_Bow,2100,0.04,2016,1100
-122,1,Ship2,30/12/2023,30/8/2023,31,SA,M,Yes,OceanView_Bow,2100,0.18,1722,1100
-122,1,Ship2,30/12/2023,30/8/2023,73,TAS,F,Yes,OceanView_Bow,2100,0.05,1995,1100
-122,1,Ship2,30/12/2023,30/8/2023,18,NT,M,No,OceanView_Bow,2100,0.12,1848,1100
-121,1,Ship2,30/12/2023,31/8/2023,45,NT,F,No,OceanView_Bow,2100,0.12,1848,1100
-121,1,Ship2,30/12/2023,31/8/2023,49,QLD,F,No,OceanView_Bow,2100,0.26,1554,1100
-121,1,Ship2,30/12/2023,31/8/2023,37,NSW,M,No,OceanView_Bow,2100,0.26,1554,1100
-121,1,Ship2,30/12/2023,31/8/2023,69,ACT,M,No,OceanView_Bow,2100,0.2,1680,1100
-120,1,Ship2,30/12/2023,1/9/2023,35,NSW,M,No,OceanView_Bow,2100,0.19,1701,1100
-120,1,Ship2,30/12/2023,1/9/2023,76,NSW,M,Yes,OceanView_Bow,2100,0.24,1596,1100
-120,1,Ship2,30/12/2023,1/9/2023,69,NT,F,No,OceanView_Bow,2100,0,2100,1100
-120,1,Ship2,30/12/2023,1/9/2023,31,NSW,M,No,OceanView_Bow,2100,0.24,1596,1100
-119,1,Ship2,30/12/2023,2/9/2023,80,ACT,M,No,OceanView_Bow,2100,0.05,1995,1100
-119,1,Ship2,30/12/2023,2/9/2023,18,WA,F,No,OceanView_Bow,2100,0.13,1827,1100
-119,1,Ship2,30/12/2023,2/9/2023,24,TAS,M,Yes,OceanView_Bow,2100,0.34,1386,1100
-118,1,Ship2,30/12/2023,3/9/2023,29,TAS,M,No,OceanView_Bow,2100,0.15,1785,1100
-118,1,Ship2,30/12/2023,3/9/2023,18,NT,M,Yes,OceanView_Bow,2100,0.1,1890,1100
-118,1,Ship2,30/12/2023,3/9/2023,18,TAS,F,No,OceanView_Bow,2100,0.09,1911,1100
-118,1,Ship2,30/12/2023,3/9/2023,23,NT,M,No,OceanView_Bow,2100,0.22,1638,1100
-117,1,Ship2,30/12/2023,4/9/2023,37,ACT,F,Yes,OceanView_Bow,2100,0.22,1638,1100
-117,1,Ship2,30/12/2023,4/9/2023,18,NSW,M,No,OceanView_Bow,2100,0.32,1428,1100
-117,1,Ship2,30/12/2023,4/9/2023,53,NSW,F,Yes,OceanView_Bow,2100,0.2,1680,1100
-116,1,Ship2,30/12/2023,5/9/2023,40,WA,M,Yes,OceanView_Bow,2100,0,2100,1100
-116,1,Ship2,30/12/2023,5/9/2023,80,QLD,M,No,OceanView_Bow,2100,0.09,1911,1100
-116,1,Ship2,30/12/2023,5/9/2023,22,WA,M,No,OceanView_Bow,2100,0.1,1890,1100
-115,1,Ship2,30/12/2023,6/9/2023,43,NT,M,No,OceanView_Bow,2100,0.33,1407,1100
-115,1,Ship2,30/12/2023,6/9/2023,50,WA,M,No,OceanView_Bow,2100,0.11,1869,1100
-115,1,Ship2,30/12/2023,6/9/2023,80,ACT,M,No,OceanView_Bow,2100,0.06,1974,1100
-115,1,Ship2,30/12/2023,6/9/2023,79,QLD,M,No,OceanView_Bow,2100,0.02,2058,1100
-114,1,Ship2,30/12/2023,7/9/2023,72,QLD,F,No,OceanView_Bow,2100,0.3,1470,1100
-114,1,Ship2,30/12/2023,7/9/2023,53,NSW,M,No,OceanView_Bow,2100,0.32,1428,1100
-114,1,Ship2,30/12/2023,7/9/2023,18,WA,M,No,OceanView_Bow,2100,0.05,1995,1100
-113,1,Ship2,30/12/2023,8/9/2023,80,QLD,F,No,OceanView_Bow,2100,0.11,1869,1100
-113,1,Ship2,30/12/2023,8/9/2023,76,QLD,M,Yes,OceanView_Bow,2100,0.07,1953,1100
-113,1,Ship2,30/12/2023,8/9/2023,18,TAS,F,No,OceanView_Bow,2100,0.13,1827,1100
-112,1,Ship2,30/12/2023,9/9/2023,23,SA,F,No,OceanView_Bow,2100,0.37,1323,1100
-112,1,Ship2,30/12/2023,9/9/2023,80,SA,M,No,OceanView_Bow,2100,0.32,1428,1100
-112,1,Ship2,30/12/2023,9/9/2023,60,SA,M,Yes,OceanView_Bow,2100,0.31,1449,1100
-111,1,Ship2,30/12/2023,10/9/2023,80,WA,M,Yes,OceanView_Bow,2100,0.14,1806,1100
-111,1,Ship2,30/12/2023,10/9/2023,53,NT,F,Yes,OceanView_Bow,2100,0.05,1995,1100
-111,1,Ship2,30/12/2023,10/9/2023,70,NSW,F,No,OceanView_Bow,2100,0.04,2016,1100
-110,1,Ship2,30/12/2023,11/9/2023,37,VIC,F,No,OceanView_Bow,2100,0.09,1911,1100
-110,1,Ship2,30/12/2023,11/9/2023,71,QLD,F,Yes,OceanView_Bow,2100,0.36,1344,1100
-110,1,Ship2,30/12/2023,11/9/2023,80,WA,F,Yes,OceanView_Bow,2100,0.07,1953,1100
-109,1,Ship2,30/12/2023,12/9/2023,42,QLD,M,No,OceanView_Bow,2100,0.33,1407,1100
-109,1,Ship2,30/12/2023,12/9/2023,18,WA,M,No,OceanView_Bow,2100,0.03,2037,1100
-108,1,Ship2,30/12/2023,13/9/2023,66,QLD,M,Yes,OceanView_Bow,2100,0.06,1974,1100
-108,1,Ship2,30/12/2023,13/9/2023,80,WA,M,No,OceanView_Bow,2100,0.1,1890,1100
-108,1,Ship2,30/12/2023,13/9/2023,67,NSW,M,No,MiniSuites_Mid,2500,0.19,2025,1100
-107,1,Ship2,30/12/2023,14/9/2023,30,QLD,F,Yes,MiniSuites_Mid,2500,0.1,2250,1100
-107,1,Ship2,30/12/2023,14/9/2023,18,TAS,F,Yes,MiniSuites_Mid,2500,0.16,2100,1100
-107,1,Ship2,30/12/2023,14/9/2023,36,TAS,F,No,MiniSuites_Mid,2500,0.27,1825,1100
-106,1,Ship2,30/12/2023,15/9/2023,56,SA,M,No,MiniSuites_Mid,2500,0.3,1750,1100
-106,1,Ship2,30/12/2023,15/9/2023,32,QLD,F,No,MiniSuites_Mid,2500,0.05,2375,1100
-105,1,Ship2,30/12/2023,16/9/2023,68,VIC,M,No,MiniSuites_Mid,2500,0.15,2125,1100
-105,1,Ship2,30/12/2023,16/9/2023,18,NT,M,No,MiniSuites_Mid,2500,0.03,2425,1100
-105,1,Ship2,30/12/2023,16/9/2023,80,NSW,F,No,MiniSuites_Mid,2500,0.22,1950,1100
-104,1,Ship2,30/12/2023,17/9/2023,18,ACT,M,No,MiniSuites_Mid,2500,0.37,1575,1100
-104,1,Ship2,30/12/2023,17/9/2023,25,WA,M,No,MiniSuites_Mid,2500,0.08,2300,1100
-103,1,Ship2,30/12/2023,18/9/2023,43,SA,M,Yes,MiniSuites_Mid,2500,0.31,1725,1100
-103,1,Ship2,30/12/2023,18/9/2023,18,NT,M,No,MiniSuites_Mid,2500,0.35,1625,1100
-102,1,Ship2,30/12/2023,19/9/2023,20,TAS,M,Yes,MiniSuites_Mid,2500,0.01,2475,1100
-102,1,Ship2,30/12/2023,19/9/2023,59,SA,F,Yes,MiniSuites_Mid,2500,0.21,1975,1100
-102,1,Ship2,30/12/2023,19/9/2023,32,NT,F,No,MiniSuites_Mid,2500,0.2,2000,1100
-101,1,Ship2,30/12/2023,20/9/2023,18,NSW,M,Yes,MiniSuites_Mid,2500,0.08,2300,1100
-101,1,Ship2,30/12/2023,20/9/2023,80,NSW,F,No,MiniSuites_Mid,2500,0.33,1675,1100
-100,1,Ship2,30/12/2023,21/9/2023,46,WA,M,No,MiniSuites_Mid,2500,0.24,1900,1100
-100,1,Ship2,30/12/2023,21/9/2023,74,VIC,M,No,MiniSuites_Mid,2500,0.17,2075,1100
-99,1,Ship2,30/12/2023,22/9/2023,19,VIC,M,No,MiniSuites_Mid,2500,0.21,1975,1100
-99,1,Ship2,30/12/2023,22/9/2023,19,NT,F,No,MiniSuites_Mid,2500,0.1,2250,1100
-98,1,Ship2,30/12/2023,23/9/2023,68,SA,M,Yes,MiniSuites_Aft,2600,0,2600,1100
-98,1,Ship2,30/12/2023,23/9/2023,80,WA,M,Yes,MiniSuites_Aft,2600,0.36,1664,1100
-97,1,Ship2,30/12/2023,24/9/2023,74,WA,F,No,MiniSuites_Aft,2600,0.37,1638,1100
-97,1,Ship2,30/12/2023,24/9/2023,50,WA,M,Yes,MiniSuites_Aft,2600,0.29,1846,1100
-96,1,Ship2,30/12/2023,25/9/2023,27,WA,M,No,MiniSuites_Aft,2600,0.35,1690,1100
-96,1,Ship2,30/12/2023,25/9/2023,80,NT,M,Yes,MiniSuites_Aft,2600,0.12,2288,1100
-95,1,Ship2,30/12/2023,26/9/2023,76,QLD,F,Yes,MiniSuites_Aft,2600,0.07,2418,1100
-95,1,Ship2,30/12/2023,26/9/2023,26,TAS,F,No,MiniSuites_Aft,2600,0.24,1976,1100
-94,1,Ship2,30/12/2023,27/9/2023,80,WA,M,No,MiniSuites_Aft,2600,0.09,2366,1100
-93,1,Ship2,30/12/2023,28/9/2023,44,ACT,M,Yes,MiniSuites_Aft,2600,0.39,1586,1100
-93,1,Ship2,30/12/2023,28/9/2023,59,NSW,M,Yes,MiniSuites_Aft,2600,0.04,2496,1100
-92,1,Ship2,30/12/2023,29/9/2023,80,SA,F,No,MiniSuites_Aft,2600,0.3,1820,1100
-92,1,Ship2,30/12/2023,29/9/2023,42,NSW,M,Yes,MiniSuites_Aft,2600,0.23,2002,1100
-91,1,Ship2,30/12/2023,30/9/2023,53,SA,M,No,MiniSuites_Aft,2600,0.22,2028,1100
-91,1,Ship2,30/12/2023,30/9/2023,18,NSW,F,No,MiniSuites_Aft,2600,0.02,2548,1100
-90,1,Ship2,30/12/2023,1/10/2023,22,SA,M,Yes,MiniSuites_Aft,2600,0.04,2496,1100
-89,1,Ship2,30/12/2023,2/10/2023,18,QLD,M,No,MiniSuites_Aft,2600,0.06,2444,1100
-89,1,Ship2,30/12/2023,2/10/2023,66,NT,M,No,MiniSuites_Aft,2600,0.22,2028,1100
-88,1,Ship2,30/12/2023,3/10/2023,78,QLD,M,No,MiniSuites_Aft,2600,0.23,2002,1100
-87,1,Ship2,30/12/2023,4/10/2023,80,VIC,M,Yes,MiniSuites_Aft,2600,0.02,2548,1100
-87,1,Ship2,30/12/2023,4/10/2023,80,NT,F,Yes,MiniSuites_Aft,2600,0.06,2444,1100
-86,1,Ship2,30/12/2023,5/10/2023,62,TAS,M,No,MiniSuites_Aft,2600,0.2,2080,1100
-85,1,Ship2,30/12/2023,6/10/2023,49,VIC,M,No,MiniSuites_Bow,2700,0.02,2646,1100
-84,1,Ship2,30/12/2023,7/10/2023,42,QLD,M,No,MiniSuites_Bow,2700,0.14,2322,1100
-84,1,Ship2,30/12/2023,7/10/2023,76,QLD,M,No,MiniSuites_Bow,2700,0.17,2241,1100
-83,1,Ship2,30/12/2023,8/10/2023,51,QLD,M,No,MiniSuites_Bow,2700,0.1,2430,1100
-82,1,Ship2,30/12/2023,9/10/2023,80,TAS,F,Yes,MiniSuites_Bow,2700,0.39,1647,1100
-81,1,Ship2,30/12/2023,10/10/2023,29,VIC,M,No,MiniSuites_Bow,2700,0.1,2430,1100
-80,1,Ship2,30/12/2023,11/10/2023,18,SA,M,No,MiniSuites_Bow,2700,0.23,2079,1100
-80,1,Ship2,30/12/2023,11/10/2023,80,TAS,M,No,MiniSuites_Bow,2700,0.28,1944,1100
-79,1,Ship2,30/12/2023,12/10/2023,68,ACT,F,No,MiniSuites_Bow,2700,0.21,2133,1100
-78,1,Ship2,30/12/2023,13/10/2023,72,WA,F,Yes,MiniSuites_Bow,2700,0.25,2025,1100
-77,1,Ship2,30/12/2023,14/10/2023,67,WA,M,No,MiniSuites_Bow,2700,0.34,1782,1100
-76,1,Ship2,30/12/2023,15/10/2023,80,QLD,M,Yes,MiniSuites_Bow,2700,0.34,1782,1100
-75,1,Ship2,30/12/2023,16/10/2023,23,WA,F,No,MiniSuites_Bow,2700,0.03,2619,1100
-74,1,Ship2,30/12/2023,17/10/2023,18,QLD,F,No,MiniSuites_Bow,2700,0.34,1782,1100
-73,1,Ship2,30/12/2023,18/10/2023,31,QLD,M,No,MiniSuites_Bow,2700,0.07,2511,1100
-72,1,Ship2,30/12/2023,19/10/2023,34,NSW,F,Yes,MiniSuites_Bow,2700,0.35,1755,1100
-71,1,Ship2,30/12/2023,20/10/2023,60,TAS,F,Yes,MiniSuites_Bow,2700,0.27,1971,1100
-70,1,Ship2,30/12/2023,21/10/2023,18,SA,F,No,MiniSuites_Bow,2700,0.09,2457,1100
-68,1,Ship2,30/12/2023,23/10/2023,48,TAS,M,No,MiniSuites_Bow,2700,0,2700,1100
-67,1,Ship2,30/12/2023,24/10/2023,26,NT,M,No,MiniSuites_Bow,2700,0.28,1944,1100
-66,1,Ship2,30/12/2023,25/10/2023,48,TAS,F,Yes,MiniSuites_Bow,2700,0.1,2430,1100
-65,1,Ship2,30/12/2023,26/10/2023,18,ACT,M,No,MiniSuites_Bow,2700,0.32,1836,1100
-63,1,Ship2,30/12/2023,28/10/2023,80,QLD,M,No,PenthouseSuites_Aft,3500,0.18,2870,1100
-62,1,Ship2,30/12/2023,29/10/2023,20,VIC,M,Yes,PenthouseSuites_Aft,3500,0.37,2205,1100
-60,1,Ship2,30/12/2023,31/10/2023,27,WA,M,No,PenthouseSuites_Aft,3500,0.1,3150,1100
-58,1,Ship2,30/12/2023,2/11/2023,18,QLD,M,No,PenthouseSuites_Aft,3500,0.34,2310,1100
-57,1,Ship2,30/12/2023,3/11/2023,61,SA,F,Yes,PenthouseSuites_Aft,3500,0.36,2240,1100
-55,1,Ship2,30/12/2023,5/11/2023,58,NT,F,No,PenthouseSuites_Aft,3500,0.07,3255,1100
-53,1,Ship2,30/12/2023,7/11/2023,69,SA,F,No,PenthouseSuites_Aft,3500,0.22,2730,1100
-51,1,Ship2,30/12/2023,9/11/2023,67,QLD,M,Yes,PenthouseSuites_Aft,3500,0.16,2940,1100
-49,1,Ship2,30/12/2023,11/11/2023,18,VIC,F,No,PenthouseSuites_Aft,3500,0.25,2625,1100
-46,1,Ship2,30/12/2023,14/11/2023,80,VIC,M,No,PenthouseSuites_Aft,3500,0.18,2870,1100
-44,1,Ship2,30/12/2023,16/11/2023,80,TAS,F,No,PenthouseSuites_Aft,3500,0.13,3045,1100
-41,1,Ship2,30/12/2023,19/11/2023,80,QLD,M,Yes,PenthouseSuites_Bow,4000,0.13,3480,1100
-38,1,Ship2,30/12/2023,22/11/2023,75,QLD,F,No,PenthouseSuites_Bow,4000,0.05,3800,1100
-35,1,Ship2,30/12/2023,25/11/2023,50,QLD,M,No,PenthouseSuites_Bow,4000,0.2,3200,1100
-31,1,Ship2,30/12/2023,29/11/2023,70,ACT,F,No,PenthouseSuites_Bow,4000,0.27,2920,1100
-26,1,Ship2,30/12/2023,4/12/2023,18,ACT,M,No,PenthouseSuites_Bow,4000,0.32,2720,1100
-21,1,Ship2,30/12/2023,9/12/2023,80,WA,F,No,PenthouseSuites_Bow,4000,0.21,3160,1100
-15,1,Ship2,30/12/2023,15/12/2023,69,VIC,F,Yes,PenthouseSuites_Bow,4000,0.18,3280,1100
-7,1,Ship2,30/12/2023,23/12/2023,61,TAS,F,No,PenthouseSuites_Bow,4000,0.04,3840,1100